ticket_id,user_id,created_date,category,priority,first_response_hours,resolution_hours
4001,10002,2025-09-15 00:00:00,Billing Query,Low,7.5,26.4
4002,10002,2024-12-14 00:00:00,Feature Request,Low,7.3,38.0
4003,10002,2025-01-30 00:00:00,Technical Issue,Medium,2.8,8.1
4004,10003,2024-03-29 00:00:00,Feature Request,Medium,1.2,22.5
4005,10004,2022-08-10 00:00:00,Billing Query,Low,6.6,39.8
4006,10004,2022-08-14 00:00:00,Onboarding Help,Low,9.9,23.7
4007,10007,2025-07-21 00:00:00,Onboarding Help,Medium,3.0,21.2
4008,10007,2025-11-14 00:00:00,Feature Request,Low,10.3,18.1
4009,10009,2024-09-28 00:00:00,Technical Issue,Low,6.0,32.7
4010,10009,2024-11-29 00:00:00,Onboarding Help,Medium,2.5,20.9
4011,10011,2025-05-26 00:00:00,Technical Issue,Low,11.3,28.3
4012,10016,2025-11-11 00:00:00,Feature Request,Low,8.0,42.7
4013,10016,2025-11-17 00:00:00,Billing Query,Low,9.8,25.5
4014,10019,2025-04-17 00:00:00,Billing Query,Low,6.5,47.6
4015,10019,2025-04-18 00:00:00,Feature Request,Low,9.5,30.1
4016,10022,2025-11-15 00:00:00,Technical Issue,Medium,2.0,14.7
4017,10023,2023-08-19 00:00:00,Billing Query,Low,8.4,16.1
4018,10023,2023-01-17 00:00:00,Technical Issue,Medium,3.8,16.9
4019,10024,2025-09-20 00:00:00,Billing Query,Low,7.0,44.0
4020,10026,2022-05-25 00:00:00,Technical Issue,Medium,1.1,17.1
4021,10026,2022-06-08 00:00:00,Technical Issue,Low,10.7,37.7
4022,10027,2025-04-10 00:00:00,Technical Issue,Medium,1.1,23.5
4023,10028,2025-12-04 00:00:00,Technical Issue,Low,9.5,20.3
4024,10029,2024-06-17 00:00:00,Billing Query,High,0.2,2.2
4025,10029,2024-07-04 00:00:00,Billing Query,Low,7.1,46.6
4026,10029,2024-06-30 00:00:00,Technical Issue,Low,8.9,30.9
4027,10030,2023-11-01 00:00:00,Billing Query,Medium,1.4,16.7
4028,10033,2025-05-06 00:00:00,Feature Request,Low,6.3,20.5
4029,10034,2025-04-05 00:00:00,Billing Query,Medium,3.7,11.6
4030,10037,2024-04-24 00:00:00,Technical Issue,Low,7.3,19.5
4031,10037,2024-03-14 00:00:00,Feature Request,High,0.7,4.9
4032,10037,2024-05-05 00:00:00,Feature Request,Low,11.9,33.1
4033,10038,2023-07-10 00:00:00,Feature Request,Low,11.3,22.7
4034,10041,2025-06-24 00:00:00,Onboarding Help,High,0.2,6.7
4035,10043,2024-08-28 00:00:00,Feature Request,Low,8.0,26.7
4036,10044,2025-01-21 00:00:00,Technical Issue,High,0.9,4.2
4037,10046,2025-01-06 00:00:00,Feature Request,Low,9.8,12.3
4038,10049,2024-10-27 00:00:00,Technical Issue,High,0.6,3.1
4039,10051,2025-08-15 00:00:00,Technical Issue,Low,8.2,32.9
4040,10051,2025-08-30 00:00:00,Billing Query,Low,10.6,26.5
4041,10051,2025-08-30 00:00:00,Billing Query,Low,4.6,28.6
4042,10052,2024-07-13 00:00:00,Technical Issue,Low,6.6,33.6
4043,10052,2024-08-08 00:00:00,Billing Query,Low,10.1,25.7
4044,10053,2024-02-14 00:00:00,Billing Query,High,0.2,2.8
4045,10060,2025-05-29 00:00:00,Technical Issue,Low,6.3,39.5
4046,10060,2025-05-21 00:00:00,Technical Issue,Low,8.4,25.8
4047,10068,2025-02-16 00:00:00,Technical Issue,Low,4.8,29.7
4048,10069,2025-09-03 00:00:00,Feature Request,Medium,3.1,13.4
4049,10069,2025-03-19 00:00:00,Technical Issue,Medium,2.1,17.5
4050,10070,2023-08-16 00:00:00,Technical Issue,Low,10.1,36.0
4051,10076,2025-08-21 00:00:00,Onboarding Help,Low,8.1,16.8
4052,10078,2025-07-09 00:00:00,Technical Issue,Low,6.2,42.6
4053,10081,2025-11-26 00:00:00,Technical Issue,High,0.6,7.0
4054,10081,2025-04-09 00:00:00,Feature Request,High,0.7,4.8
4055,10082,2023-03-31 00:00:00,Feature Request,High,1.4,6.1
4056,10084,2025-03-02 00:00:00,Technical Issue,Medium,2.4,22.8
4057,10087,2023-12-11 00:00:00,Billing Query,Medium,1.9,11.1
4058,10087,2024-07-22 00:00:00,Technical Issue,Low,4.0,15.4
4059,10088,2024-12-30 00:00:00,Technical Issue,Low,7.9,35.7
4060,10090,2025-12-11 00:00:00,Billing Query,Medium,1.0,15.8
4061,10091,2025-04-04 00:00:00,Onboarding Help,Medium,2.4,10.4
4062,10092,2024-03-15 00:00:00,Technical Issue,Medium,1.8,18.7
4063,10094,2025-01-26 00:00:00,Technical Issue,Low,11.8,35.4
4064,10095,2025-05-10 00:00:00,Technical Issue,Low,4.8,44.8
4065,10095,2025-02-28 00:00:00,Feature Request,Low,10.7,34.5
4066,10095,2025-03-25 00:00:00,Technical Issue,High,0.9,4.2
4067,10096,2025-02-14 00:00:00,Billing Query,Low,6.8,16.4
4068,10100,2024-06-01 00:00:00,Feature Request,Medium,1.9,18.3
4069,10100,2024-12-11 00:00:00,Technical Issue,Low,9.1,28.2
4070,10103,2024-10-02 00:00:00,Technical Issue,Low,5.6,26.6
4071,10103,2024-10-25 00:00:00,Technical Issue,Low,11.0,16.9
4072,10104,2024-10-08 00:00:00,Technical Issue,Medium,3.6,14.8
4073,10106,2024-11-02 00:00:00,Feature Request,Medium,2.6,19.9
4074,10107,2024-06-11 00:00:00,Billing Query,High,1.0,3.6
4075,10107,2024-06-01 00:00:00,Technical Issue,Low,5.0,34.5
4076,10109,2023-06-13 00:00:00,Feature Request,Low,8.8,21.2
4077,10111,2025-02-18 00:00:00,Technical Issue,Medium,2.0,19.5
4078,10112,2025-04-29 00:00:00,Technical Issue,Low,5.2,31.2
4079,10115,2025-10-25 00:00:00,Technical Issue,High,0.7,6.6
4080,10115,2025-02-10 00:00:00,Technical Issue,High,0.1,3.8
4081,10115,2025-05-10 00:00:00,Technical Issue,Medium,1.8,17.0
4082,10116,2024-09-30 00:00:00,Technical Issue,Low,6.1,19.3
4083,10117,2024-08-30 00:00:00,Technical Issue,Low,11.0,34.3
4084,10117,2025-05-28 00:00:00,Technical Issue,Low,5.2,41.3
4085,10118,2025-09-16 00:00:00,Billing Query,Medium,2.7,21.3
4086,10124,2025-07-28 00:00:00,Technical Issue,Low,4.1,26.1
4087,10125,2024-03-05 00:00:00,Technical Issue,Medium,1.9,16.0
4088,10128,2023-03-07 00:00:00,Technical Issue,Low,11.7,14.0
4089,10132,2024-10-03 00:00:00,Billing Query,Low,9.0,37.7
4090,10132,2024-11-04 00:00:00,Technical Issue,Medium,2.1,16.1
4091,10133,2022-06-26 00:00:00,Billing Query,Medium,3.4,16.0
4092,10133,2023-06-15 00:00:00,Feature Request,Medium,2.1,23.0
4093,10133,2023-06-02 00:00:00,Feature Request,High,1.1,2.5
4094,10134,2024-11-18 00:00:00,Technical Issue,Low,4.4,18.5
4095,10135,2023-11-03 00:00:00,Technical Issue,Medium,1.1,23.9
4096,10136,2025-02-23 00:00:00,Technical Issue,Low,10.3,19.2
4097,10137,2024-05-08 00:00:00,Feature Request,Low,6.2,41.9
4098,10138,2024-11-10 00:00:00,Feature Request,Medium,1.5,15.0
4099,10138,2025-01-09 00:00:00,Technical Issue,High,0.6,2.6
4100,10139,2024-09-11 00:00:00,Feature Request,Low,4.5,19.2
4101,10139,2023-07-09 00:00:00,Feature Request,Low,4.7,20.0
4102,10141,2025-01-16 00:00:00,Feature Request,High,1.1,5.3
4103,10141,2025-02-24 00:00:00,Technical Issue,Low,6.0,24.5
4104,10143,2024-09-02 00:00:00,Onboarding Help,Medium,2.5,21.4
4105,10148,2024-06-14 00:00:00,Feature Request,Low,11.3,31.3
4106,10148,2024-03-08 00:00:00,Technical Issue,Low,11.0,12.5
4107,10150,2025-06-09 00:00:00,Billing Query,High,0.5,5.6
4108,10150,2024-12-29 00:00:00,Feature Request,High,0.1,5.3
4109,10153,2023-05-09 00:00:00,Billing Query,Medium,1.4,17.7
4110,10154,2025-04-28 00:00:00,Technical Issue,Medium,3.9,13.2
4111,10157,2024-06-25 00:00:00,Billing Query,Low,4.8,13.0
4112,10158,2024-05-28 00:00:00,Feature Request,High,1.1,1.4
4113,10159,2023-10-25 00:00:00,Technical Issue,Medium,3.5,11.2
4114,10159,2024-02-15 00:00:00,Billing Query,Low,11.0,16.4
4115,10161,2025-11-27 00:00:00,Technical Issue,Low,11.2,12.4
4116,10163,2024-05-14 00:00:00,Feature Request,Low,5.7,46.4
4117,10164,2025-08-23 00:00:00,Feature Request,Low,8.3,32.5
4118,10164,2025-11-02 00:00:00,Technical Issue,Low,9.8,42.0
4119,10164,2025-06-23 00:00:00,Technical Issue,Low,8.9,36.2
4120,10165,2025-02-07 00:00:00,Billing Query,Low,6.5,37.9
4121,10168,2024-10-03 00:00:00,Technical Issue,Low,8.8,22.2
4122,10171,2025-03-14 00:00:00,Feature Request,Low,6.6,12.5
4123,10172,2022-05-01 00:00:00,Billing Query,Medium,3.4,14.4
4124,10173,2024-07-20 00:00:00,Billing Query,Low,10.3,46.9
4125,10173,2024-05-20 00:00:00,Technical Issue,Medium,2.1,15.1
4126,10175,2024-11-18 00:00:00,Feature Request,High,1.3,4.4
4127,10176,2024-09-25 00:00:00,Billing Query,Low,8.2,21.6
4128,10176,2024-10-07 00:00:00,Technical Issue,Low,9.0,40.9
4129,10176,2024-09-17 00:00:00,Technical Issue,Medium,4.0,17.7
4130,10181,2023-03-02 00:00:00,Feature Request,Low,4.8,42.1
4131,10182,2025-08-06 00:00:00,Billing Query,Low,10.8,21.1
4132,10182,2025-07-15 00:00:00,Technical Issue,Medium,2.8,13.0
4133,10184,2025-06-24 00:00:00,Technical Issue,Medium,1.5,18.7
4134,10190,2024-07-09 00:00:00,Feature Request,High,0.7,5.2
4135,10193,2023-03-23 00:00:00,Onboarding Help,Medium,1.2,23.1
4136,10194,2025-06-15 00:00:00,Technical Issue,High,1.2,3.7
4137,10195,2025-12-07 00:00:00,Technical Issue,Low,9.5,39.0
4138,10195,2025-12-10 00:00:00,Technical Issue,Medium,2.7,18.6
4139,10195,2025-11-14 00:00:00,Feature Request,Low,5.4,35.8
4140,10196,2025-10-04 00:00:00,Technical Issue,Medium,2.0,12.0
4141,10196,2025-08-26 00:00:00,Feature Request,Medium,2.8,21.5
4142,10199,2025-08-13 00:00:00,Billing Query,Low,10.5,33.7
4143,10200,2024-03-30 00:00:00,Technical Issue,Low,7.2,42.0
4144,10200,2024-04-24 00:00:00,Feature Request,Low,6.0,25.9
4145,10202,2025-06-01 00:00:00,Technical Issue,Medium,4.0,13.1
4146,10202,2025-05-17 00:00:00,Technical Issue,Low,11.6,18.8
4147,10203,2024-08-10 00:00:00,Billing Query,Low,8.1,25.1
4148,10205,2025-01-13 00:00:00,Billing Query,Medium,2.4,16.8
4149,10205,2025-02-09 00:00:00,Billing Query,Low,5.2,47.7
4150,10208,2025-01-21 00:00:00,Feature Request,Low,6.7,36.2
4151,10212,2025-06-03 00:00:00,Feature Request,Low,4.8,38.8
4152,10215,2025-05-05 00:00:00,Technical Issue,Medium,3.0,17.9
4153,10220,2023-09-02 00:00:00,Technical Issue,Low,6.1,18.5
4154,10222,2025-11-06 00:00:00,Technical Issue,Low,10.2,26.0
4155,10222,2025-10-10 00:00:00,Technical Issue,Low,11.9,41.0
4156,10223,2024-03-11 00:00:00,Technical Issue,Low,10.5,22.5
4157,10223,2025-10-06 00:00:00,Feature Request,Low,5.0,23.3
4158,10224,2023-11-08 00:00:00,Onboarding Help,Low,4.9,44.9
4159,10224,2023-09-06 00:00:00,Feature Request,Low,8.2,37.1
4160,10226,2025-12-13 00:00:00,Billing Query,Low,4.1,18.0
4161,10227,2024-01-27 00:00:00,Technical Issue,High,1.2,6.3
4162,10227,2024-03-25 00:00:00,Technical Issue,Low,9.1,25.7
4163,10228,2025-07-04 00:00:00,Onboarding Help,High,0.2,4.2
4164,10230,2024-09-10 00:00:00,Feature Request,Medium,3.9,9.6
4165,10231,2025-05-07 00:00:00,Feature Request,Medium,3.7,13.7
4166,10232,2024-12-17 00:00:00,Technical Issue,Medium,1.1,10.6
4167,10233,2025-05-23 00:00:00,Technical Issue,Medium,1.4,14.3
4168,10234,2023-11-01 00:00:00,Onboarding Help,Medium,2.0,10.9
4169,10235,2024-08-25 00:00:00,Billing Query,Medium,1.1,17.8
4170,10236,2025-02-26 00:00:00,Technical Issue,Low,9.9,24.3
4171,10238,2025-11-08 00:00:00,Technical Issue,High,0.2,4.0
4172,10240,2023-02-02 00:00:00,Technical Issue,Low,11.1,12.7
4173,10240,2022-09-17 00:00:00,Billing Query,Low,11.1,42.4
4174,10241,2025-11-16 00:00:00,Technical Issue,High,0.7,5.8
4175,10243,2025-06-14 00:00:00,Technical Issue,Low,7.5,35.3
4176,10244,2025-04-03 00:00:00,Technical Issue,Low,11.9,15.7
4177,10245,2023-05-13 00:00:00,Technical Issue,Low,8.0,39.7
4178,10246,2023-01-25 00:00:00,Feature Request,Medium,2.7,8.4
4179,10248,2025-11-14 00:00:00,Onboarding Help,Low,7.4,13.6
4180,10249,2024-08-07 00:00:00,Billing Query,Medium,2.3,23.3
4181,10250,2024-02-09 00:00:00,Billing Query,Low,7.1,14.7
4182,10250,2024-01-27 00:00:00,Technical Issue,Medium,2.2,21.9
4183,10251,2024-04-12 00:00:00,Technical Issue,High,0.6,6.3
4184,10251,2024-03-08 00:00:00,Billing Query,Medium,2.3,23.4
4185,10252,2024-04-07 00:00:00,Feature Request,Medium,2.9,11.3
4186,10255,2023-05-06 00:00:00,Technical Issue,Low,10.4,43.8
4187,10255,2023-09-18 00:00:00,Billing Query,Low,9.3,45.6
4188,10257,2023-12-20 00:00:00,Billing Query,Medium,1.6,22.8
4189,10257,2024-04-16 00:00:00,Feature Request,Low,4.2,39.3
4190,10258,2023-04-26 00:00:00,Feature Request,Medium,3.2,23.9
4191,10258,2023-04-26 00:00:00,Billing Query,Low,10.5,22.4
4192,10259,2024-10-25 00:00:00,Feature Request,Medium,3.0,11.4
4193,10260,2025-11-23 00:00:00,Technical Issue,Low,4.2,38.6
4194,10264,2024-12-20 00:00:00,Billing Query,Low,10.8,28.6
4195,10265,2024-06-12 00:00:00,Technical Issue,Low,5.6,35.9
4196,10265,2024-06-04 00:00:00,Technical Issue,Low,6.2,22.4
4197,10267,2022-11-25 00:00:00,Technical Issue,Low,7.2,34.0
4198,10269,2024-09-08 00:00:00,Technical Issue,Low,5.5,22.6
4199,10269,2024-11-11 00:00:00,Billing Query,Medium,3.6,13.2
4200,10269,2024-09-15 00:00:00,Feature Request,Low,9.2,29.1
4201,10272,2025-04-27 00:00:00,Technical Issue,Low,10.1,44.5
4202,10276,2024-01-02 00:00:00,Billing Query,Low,10.5,17.0
4203,10279,2024-11-25 00:00:00,Technical Issue,Low,8.2,43.5
4204,10279,2024-12-18 00:00:00,Billing Query,Medium,2.8,17.8
4205,10280,2024-02-18 00:00:00,Technical Issue,Medium,3.3,16.3
4206,10280,2024-02-29 00:00:00,Technical Issue,Low,7.0,29.1
4207,10281,2025-07-27 00:00:00,Technical Issue,Low,7.0,32.4
4208,10281,2025-08-25 00:00:00,Technical Issue,Medium,2.4,9.4
4209,10283,2023-10-22 00:00:00,Onboarding Help,High,0.3,2.4
4210,10284,2024-08-28 00:00:00,Billing Query,Medium,1.4,11.8
4211,10285,2024-02-24 00:00:00,Feature Request,Low,7.4,44.4
4212,10285,2024-03-12 00:00:00,Onboarding Help,Low,11.9,33.2
4213,10286,2025-01-04 00:00:00,Billing Query,Low,10.1,30.1
4214,10287,2024-12-24 00:00:00,Technical Issue,Low,8.0,32.2
4215,10288,2023-01-19 00:00:00,Billing Query,Low,6.1,24.2
4216,10288,2023-01-06 00:00:00,Feature Request,Medium,3.7,11.2
4217,10295,2023-11-14 00:00:00,Feature Request,Medium,1.4,15.3
4218,10296,2025-07-04 00:00:00,Technical Issue,Medium,3.2,18.5
4219,10297,2024-12-16 00:00:00,Feature Request,High,1.4,4.5
4220,10300,2024-08-27 00:00:00,Billing Query,Medium,2.0,15.4
4221,10302,2024-12-09 00:00:00,Technical Issue,Low,5.0,28.3
4222,10305,2025-03-08 00:00:00,Onboarding Help,Medium,1.8,9.5
4223,10305,2025-05-14 00:00:00,Technical Issue,High,0.3,2.2
4224,10307,2025-02-06 00:00:00,Feature Request,Low,11.6,43.8
4225,10308,2024-08-26 00:00:00,Technical Issue,Low,7.7,14.7
4226,10308,2024-06-15 00:00:00,Feature Request,Low,5.8,13.7
4227,10308,2024-07-14 00:00:00,Feature Request,Medium,1.3,10.8
4228,10309,2025-05-10 00:00:00,Technical Issue,Medium,1.7,12.0
4229,10311,2023-01-31 00:00:00,Technical Issue,High,0.3,7.6
4230,10313,2025-07-12 00:00:00,Feature Request,Low,8.9,33.9
4231,10313,2025-05-14 00:00:00,Billing Query,Low,7.1,44.0
4232,10315,2025-01-22 00:00:00,Technical Issue,Low,5.1,43.4
4233,10316,2024-02-05 00:00:00,Feature Request,High,0.4,4.4
4234,10317,2024-01-29 00:00:00,Billing Query,Medium,1.7,17.5
4235,10320,2024-11-24 00:00:00,Technical Issue,Low,4.6,12.1
4236,10321,2022-11-20 00:00:00,Technical Issue,Low,10.1,46.4
4237,10321,2022-11-29 00:00:00,Billing Query,Low,5.5,40.8
4238,10321,2022-11-28 00:00:00,Billing Query,Low,5.5,13.5
4239,10322,2024-11-25 00:00:00,Billing Query,Low,11.2,32.5
4240,10323,2024-02-07 00:00:00,Feature Request,Low,6.4,13.4
4241,10324,2025-09-04 00:00:00,Onboarding Help,Low,7.6,40.3
4242,10324,2025-08-11 00:00:00,Billing Query,Low,6.7,37.1
4243,10324,2025-08-21 00:00:00,Billing Query,Low,4.6,42.1
4244,10327,2025-09-16 00:00:00,Billing Query,Low,7.5,12.2
4245,10329,2025-07-02 00:00:00,Feature Request,Medium,1.8,14.3
4246,10331,2025-03-27 00:00:00,Feature Request,Medium,3.9,17.5
4247,10331,2025-02-14 00:00:00,Technical Issue,Medium,2.0,15.5
4248,10331,2025-05-22 00:00:00,Billing Query,Low,7.7,35.9
4249,10332,2025-01-03 00:00:00,Technical Issue,Low,10.8,14.4
4250,10332,2024-12-21 00:00:00,Technical Issue,Medium,2.7,12.9
4251,10332,2024-12-20 00:00:00,Technical Issue,Low,10.0,20.4
4252,10333,2025-02-06 00:00:00,Onboarding Help,Medium,1.3,9.5
4253,10335,2025-05-09 00:00:00,Technical Issue,Medium,2.4,16.3
4254,10337,2025-06-11 00:00:00,Billing Query,Medium,1.7,20.1
4255,10338,2024-08-08 00:00:00,Feature Request,Medium,3.5,13.5
4256,10338,2024-08-21 00:00:00,Onboarding Help,Low,10.0,34.7
4257,10338,2024-05-15 00:00:00,Onboarding Help,Medium,2.5,14.6
4258,10339,2025-08-18 00:00:00,Feature Request,Low,9.5,38.9
4259,10343,2024-03-23 00:00:00,Technical Issue,Low,5.4,27.1
4260,10343,2024-04-13 00:00:00,Feature Request,Low,4.8,44.9
4261,10345,2023-10-17 00:00:00,Technical Issue,Low,5.9,40.7
4262,10347,2023-06-30 00:00:00,Technical Issue,Low,10.7,39.5
4263,10347,2023-05-21 00:00:00,Billing Query,Low,5.5,23.4
4264,10349,2024-02-17 00:00:00,Feature Request,Medium,3.9,23.1
4265,10350,2025-10-18 00:00:00,Billing Query,Low,9.2,21.9
4266,10350,2025-03-27 00:00:00,Feature Request,Medium,1.2,11.0
4267,10351,2024-01-02 00:00:00,Onboarding Help,Medium,3.4,8.3
4268,10353,2023-02-05 00:00:00,Technical Issue,Low,6.5,12.5
4269,10353,2023-04-07 00:00:00,Technical Issue,Low,7.6,15.3
4270,10354,2025-06-24 00:00:00,Technical Issue,Medium,2.4,19.9
4271,10355,2025-02-27 00:00:00,Technical Issue,High,1.5,4.5
4272,10356,2024-06-14 00:00:00,Onboarding Help,Low,11.6,41.4
4273,10357,2024-07-25 00:00:00,Billing Query,High,1.3,7.2
4274,10358,2023-12-21 00:00:00,Technical Issue,Low,4.7,37.6
4275,10361,2023-08-05 00:00:00,Billing Query,Low,11.9,36.0
4276,10362,2025-09-02 00:00:00,Billing Query,Low,4.3,44.2
4277,10364,2022-12-10 00:00:00,Feature Request,Medium,2.4,12.2
4278,10367,2023-11-24 00:00:00,Billing Query,Low,7.2,41.7
4279,10367,2023-06-20 00:00:00,Technical Issue,Medium,3.6,9.8
4280,10368,2025-07-27 00:00:00,Technical Issue,Medium,1.3,11.7
4281,10368,2025-11-22 00:00:00,Technical Issue,High,1.2,4.1
4282,10368,2025-06-30 00:00:00,Feature Request,Low,6.3,47.7
4283,10369,2025-10-11 00:00:00,Feature Request,Low,5.3,40.3
4284,10370,2024-11-18 00:00:00,Feature Request,Low,11.2,14.6
4285,10374,2025-12-05 00:00:00,Onboarding Help,Medium,2.3,11.8
4286,10375,2022-12-19 00:00:00,Onboarding Help,Low,6.4,13.0
4287,10375,2023-01-01 00:00:00,Onboarding Help,Low,7.0,39.5
4288,10375,2023-01-24 00:00:00,Technical Issue,Medium,1.2,11.9
4289,10376,2025-03-18 00:00:00,Billing Query,Medium,2.4,8.1
4290,10376,2025-05-24 00:00:00,Billing Query,Low,10.5,32.9
4291,10378,2024-09-25 00:00:00,Billing Query,Low,6.2,18.2
4292,10378,2024-12-18 00:00:00,Feature Request,Low,7.1,37.7
4293,10382,2024-03-18 00:00:00,Feature Request,Medium,2.8,12.8
4294,10383,2025-08-11 00:00:00,Feature Request,High,0.7,5.3
4295,10385,2025-07-26 00:00:00,Feature Request,Low,11.3,41.0
4296,10386,2025-04-11 00:00:00,Onboarding Help,Medium,2.3,16.1
4297,10388,2025-06-09 00:00:00,Billing Query,Medium,3.3,12.2
4298,10389,2024-11-06 00:00:00,Billing Query,High,1.4,5.4
4299,10390,2023-08-30 00:00:00,Technical Issue,Medium,3.2,18.9
4300,10395,2025-09-15 00:00:00,Technical Issue,High,0.3,3.5
4301,10396,2024-12-02 00:00:00,Technical Issue,Low,4.7,31.8
4302,10397,2023-06-19 00:00:00,Technical Issue,Low,8.8,42.5
4303,10397,2024-07-14 00:00:00,Technical Issue,Low,6.1,26.3
4304,10398,2025-09-24 00:00:00,Technical Issue,Medium,2.4,12.7
4305,10399,2023-10-11 00:00:00,Billing Query,Low,8.9,22.0
4306,10399,2023-10-01 00:00:00,Billing Query,Medium,2.5,13.6
4307,10400,2023-12-09 00:00:00,Billing Query,Medium,1.8,8.4
4308,10400,2023-11-19 00:00:00,Technical Issue,Low,5.1,23.7
4309,10403,2022-08-12 00:00:00,Technical Issue,Medium,3.9,23.7
4310,10403,2022-08-22 00:00:00,Billing Query,Low,10.3,47.5
4311,10404,2025-08-01 00:00:00,Onboarding Help,Medium,3.1,16.1
4312,10404,2025-06-01 00:00:00,Technical Issue,Low,10.2,32.5
4313,10405,2025-08-14 00:00:00,Feature Request,High,1.1,5.7
4314,10406,2024-11-24 00:00:00,Technical Issue,Low,10.9,36.7
4315,10406,2025-02-07 00:00:00,Technical Issue,Medium,3.0,15.7
4316,10406,2025-01-27 00:00:00,Billing Query,Low,5.4,16.5
4317,10407,2022-12-25 00:00:00,Billing Query,Medium,3.3,12.5
4318,10408,2023-09-30 00:00:00,Billing Query,Low,6.2,46.9
4319,10412,2025-03-17 00:00:00,Billing Query,Medium,3.0,18.6
4320,10413,2023-08-16 00:00:00,Feature Request,Low,11.4,21.2
4321,10415,2024-12-31 00:00:00,Billing Query,Low,8.6,33.9
4322,10415,2024-09-30 00:00:00,Billing Query,Low,11.2,16.1
4323,10415,2025-02-04 00:00:00,Billing Query,Low,7.1,29.8
4324,10416,2025-11-23 00:00:00,Billing Query,High,1.0,5.2
4325,10416,2025-10-12 00:00:00,Onboarding Help,Low,8.0,37.5
4326,10416,2025-09-19 00:00:00,Feature Request,Low,6.3,41.7
4327,10417,2024-11-27 00:00:00,Technical Issue,Low,6.6,38.8
4328,10417,2025-04-23 00:00:00,Technical Issue,Low,4.2,44.1
4329,10420,2025-06-16 00:00:00,Feature Request,Medium,1.8,14.7
4330,10424,2024-06-05 00:00:00,Onboarding Help,Medium,3.3,9.0
4331,10425,2023-10-23 00:00:00,Technical Issue,Low,8.0,46.8
4332,10425,2023-05-27 00:00:00,Billing Query,Low,11.4,30.6
4333,10425,2023-09-30 00:00:00,Feature Request,Low,11.3,14.8
4334,10426,2025-10-02 00:00:00,Feature Request,Medium,2.6,19.7
4335,10428,2023-12-15 00:00:00,Billing Query,Medium,2.1,11.0
4336,10428,2023-12-17 00:00:00,Billing Query,Low,7.4,27.0
4337,10429,2023-11-02 00:00:00,Technical Issue,Low,4.7,45.3
4338,10429,2023-11-13 00:00:00,Technical Issue,Low,10.6,23.3
4339,10430,2025-11-28 00:00:00,Billing Query,Medium,2.4,8.4
4340,10431,2024-12-31 00:00:00,Billing Query,Low,8.6,42.7
4341,10432,2025-08-17 00:00:00,Feature Request,High,0.2,2.7
4342,10435,2025-08-28 00:00:00,Technical Issue,Medium,1.5,22.6
4343,10439,2025-06-28 00:00:00,Onboarding Help,High,0.2,2.6
4344,10440,2024-07-29 00:00:00,Technical Issue,Low,9.8,25.3
4345,10440,2024-06-23 00:00:00,Feature Request,Medium,3.5,13.7
4346,10440,2024-08-28 00:00:00,Onboarding Help,Medium,1.6,20.5
4347,10443,2023-10-30 00:00:00,Onboarding Help,Medium,2.5,14.0
4348,10443,2024-11-09 00:00:00,Technical Issue,Low,10.1,18.1
4349,10444,2024-12-03 00:00:00,Feature Request,Low,9.6,22.7
4350,10444,2024-02-23 00:00:00,Technical Issue,Medium,3.1,22.8
4351,10446,2025-11-10 00:00:00,Onboarding Help,Low,8.7,22.5
4352,10448,2024-09-21 00:00:00,Billing Query,Low,10.9,40.1
4353,10449,2025-02-14 00:00:00,Onboarding Help,Medium,1.0,9.7
4354,10449,2024-09-24 00:00:00,Billing Query,Low,6.1,27.6
4355,10455,2024-06-29 00:00:00,Onboarding Help,Low,9.7,26.4
4356,10455,2024-09-13 00:00:00,Onboarding Help,Low,5.6,47.1
4357,10455,2024-06-13 00:00:00,Technical Issue,Medium,3.7,8.0
4358,10457,2025-08-02 00:00:00,Technical Issue,High,0.9,3.6
4359,10457,2025-07-25 00:00:00,Feature Request,Low,4.3,24.7
4360,10458,2025-10-05 00:00:00,Billing Query,Low,7.1,21.4
4361,10458,2025-10-15 00:00:00,Technical Issue,Low,9.7,13.6
4362,10458,2025-09-08 00:00:00,Feature Request,Medium,2.8,20.1
4363,10460,2023-05-03 00:00:00,Technical Issue,High,1.3,7.6
4364,10461,2024-01-13 00:00:00,Billing Query,Medium,3.3,17.1
4365,10462,2025-07-30 00:00:00,Technical Issue,High,0.9,4.2
4366,10462,2025-06-30 00:00:00,Billing Query,Low,5.2,35.9
4367,10463,2023-07-24 00:00:00,Onboarding Help,Low,10.2,22.8
4368,10465,2025-08-19 00:00:00,Technical Issue,Low,10.4,43.8
4369,10469,2023-11-09 00:00:00,Technical Issue,Low,11.7,40.4
4370,10469,2023-11-30 00:00:00,Billing Query,High,1.4,6.9
4371,10470,2025-08-08 00:00:00,Billing Query,Medium,1.1,15.0
4372,10474,2025-08-02 00:00:00,Technical Issue,High,0.8,1.5
4373,10474,2025-03-27 00:00:00,Technical Issue,High,0.2,1.6
4374,10475,2024-05-30 00:00:00,Technical Issue,Low,11.4,12.1
4375,10478,2023-03-22 00:00:00,Feature Request,High,0.9,4.7
4376,10482,2023-07-15 00:00:00,Feature Request,Medium,2.7,11.0
4377,10486,2025-09-01 00:00:00,Technical Issue,Medium,1.5,24.0
4378,10486,2024-03-11 00:00:00,Technical Issue,High,0.8,1.9
4379,10488,2025-05-21 00:00:00,Billing Query,Low,4.8,47.9
4380,10489,2024-10-03 00:00:00,Feature Request,Low,6.4,27.5
4381,10489,2024-11-03 00:00:00,Feature Request,Low,4.5,24.2
4382,10490,2024-09-18 00:00:00,Onboarding Help,Low,5.8,24.5
4383,10491,2025-07-09 00:00:00,Technical Issue,Low,8.8,16.6
4384,10492,2025-07-30 00:00:00,Technical Issue,Low,10.0,13.0
4385,10492,2025-05-20 00:00:00,Feature Request,Low,8.8,21.1
4386,10493,2025-10-20 00:00:00,Billing Query,Medium,1.4,12.2
4387,10494,2025-06-25 00:00:00,Technical Issue,Low,8.7,47.4
4388,10494,2025-06-30 00:00:00,Technical Issue,Low,11.6,45.9
4389,10495,2025-07-11 00:00:00,Technical Issue,Low,4.3,46.7
4390,10496,2023-04-13 00:00:00,Feature Request,Low,9.6,32.8
4391,10497,2022-10-02 00:00:00,Technical Issue,Low,5.7,20.1
4392,10500,2024-09-13 00:00:00,Billing Query,Low,5.0,12.0
4393,10500,2024-09-21 00:00:00,Feature Request,Medium,1.4,16.7
4394,10501,2025-02-24 00:00:00,Technical Issue,High,0.8,7.2
4395,10502,2022-11-03 00:00:00,Technical Issue,High,0.6,7.3
4396,10502,2022-12-25 00:00:00,Feature Request,Medium,3.4,17.8
4397,10505,2024-03-09 00:00:00,Onboarding Help,High,0.1,5.1
4398,10508,2024-07-22 00:00:00,Feature Request,Medium,1.7,12.5
4399,10509,2024-09-12 00:00:00,Billing Query,Low,7.5,26.3
4400,10512,2025-06-15 00:00:00,Technical Issue,Low,4.7,26.5
4401,10512,2025-08-11 00:00:00,Billing Query,Low,10.1,20.4
4402,10513,2024-02-02 00:00:00,Technical Issue,High,1.2,7.1
4403,10514,2025-08-31 00:00:00,Technical Issue,Low,10.2,16.6
4404,10516,2024-08-14 00:00:00,Technical Issue,Medium,3.8,17.9
4405,10517,2024-07-30 00:00:00,Technical Issue,Low,5.4,18.5
4406,10517,2024-07-24 00:00:00,Billing Query,High,1.0,4.7
4407,10521,2024-08-08 00:00:00,Billing Query,Medium,2.7,22.1
4408,10521,2024-08-07 00:00:00,Billing Query,Low,4.7,16.5
4409,10526,2024-08-01 00:00:00,Feature Request,Low,8.1,46.1
4410,10526,2024-08-15 00:00:00,Billing Query,Medium,2.0,11.1
4411,10527,2025-02-22 00:00:00,Technical Issue,Medium,3.1,11.4
4412,10527,2025-03-11 00:00:00,Technical Issue,Medium,1.1,23.6
4413,10530,2025-02-05 00:00:00,Technical Issue,Low,6.9,43.2
4414,10530,2025-08-09 00:00:00,Feature Request,Medium,1.3,20.7
4415,10531,2023-07-10 00:00:00,Billing Query,Low,8.6,46.6
4416,10533,2025-02-21 00:00:00,Feature Request,Low,8.7,21.0
4417,10533,2025-10-10 00:00:00,Billing Query,Low,5.6,46.4
4418,10534,2023-03-17 00:00:00,Technical Issue,Medium,3.6,12.4
4419,10535,2025-05-29 00:00:00,Technical Issue,Low,7.5,19.2
4420,10536,2024-02-27 00:00:00,Technical Issue,Medium,2.9,12.4
4421,10537,2024-12-04 00:00:00,Technical Issue,High,0.9,1.2
4422,10537,2024-11-30 00:00:00,Billing Query,Low,8.1,17.6
4423,10539,2023-06-13 00:00:00,Feature Request,Low,11.7,14.2
4424,10541,2023-03-15 00:00:00,Billing Query,Low,6.1,16.1
4425,10541,2023-04-09 00:00:00,Feature Request,Low,4.9,46.8
4426,10542,2025-05-06 00:00:00,Technical Issue,High,0.7,7.3
4427,10545,2025-02-23 00:00:00,Billing Query,Low,4.9,12.9
4428,10547,2024-03-30 00:00:00,Technical Issue,Low,11.8,28.0
4429,10549,2025-11-26 00:00:00,Onboarding Help,Low,8.5,37.0
4430,10551,2025-10-05 00:00:00,Technical Issue,Medium,1.1,9.1
4431,10552,2025-01-11 00:00:00,Technical Issue,Medium,3.6,8.7
4432,10553,2024-12-05 00:00:00,Billing Query,Low,10.9,31.0
4433,10554,2025-07-02 00:00:00,Technical Issue,Low,7.5,12.8
4434,10555,2024-12-08 00:00:00,Technical Issue,Low,10.5,15.6
4435,10556,2024-10-24 00:00:00,Billing Query,Medium,1.5,10.5
4436,10557,2023-10-02 00:00:00,Technical Issue,Low,9.3,26.2
4437,10557,2024-01-26 00:00:00,Feature Request,High,0.7,5.7
4438,10557,2023-09-30 00:00:00,Feature Request,Low,7.9,18.7
4439,10559,2025-04-14 00:00:00,Onboarding Help,Medium,4.0,20.9
4440,10560,2024-09-10 00:00:00,Technical Issue,Low,4.2,18.1
4441,10561,2025-05-25 00:00:00,Onboarding Help,Low,6.0,27.5
4442,10561,2025-07-19 00:00:00,Billing Query,High,0.3,2.9
4443,10563,2024-02-05 00:00:00,Onboarding Help,Low,10.7,28.3
4444,10566,2025-12-04 00:00:00,Feature Request,Medium,2.0,13.7
4445,10567,2024-05-29 00:00:00,Technical Issue,High,0.9,4.5
4446,10567,2024-09-25 00:00:00,Technical Issue,Low,9.6,35.2
4447,10567,2024-08-27 00:00:00,Billing Query,High,0.5,1.7
4448,10568,2025-11-22 00:00:00,Feature Request,Medium,3.7,15.1
4449,10571,2024-06-17 00:00:00,Feature Request,Medium,3.6,12.5
4450,10571,2024-12-11 00:00:00,Onboarding Help,Medium,2.1,9.6
4451,10574,2025-01-14 00:00:00,Feature Request,Low,7.6,34.4
4452,10575,2025-03-29 00:00:00,Billing Query,Low,8.6,32.7
4453,10575,2025-01-29 00:00:00,Technical Issue,Low,9.6,34.3
4454,10580,2024-06-27 00:00:00,Technical Issue,Low,4.7,32.8
4455,10581,2024-11-03 00:00:00,Technical Issue,Medium,2.6,15.5
4456,10583,2025-08-06 00:00:00,Feature Request,Low,6.8,27.6
4457,10584,2025-06-25 00:00:00,Billing Query,Medium,3.4,8.3
4458,10586,2024-05-21 00:00:00,Feature Request,High,1.2,5.5
4459,10586,2024-05-30 00:00:00,Billing Query,Low,7.5,44.2
4460,10586,2024-05-28 00:00:00,Billing Query,Medium,2.5,12.4
4461,10587,2025-02-12 00:00:00,Feature Request,Medium,3.7,19.3
4462,10589,2024-04-29 00:00:00,Billing Query,Low,5.8,42.1
4463,10589,2024-05-11 00:00:00,Feature Request,Medium,3.8,8.5
4464,10591,2025-11-13 00:00:00,Technical Issue,Low,11.8,17.6
4465,10592,2025-10-05 00:00:00,Technical Issue,Low,4.4,16.7
4466,10594,2023-06-24 00:00:00,Technical Issue,Medium,1.1,8.4
4467,10596,2025-01-07 00:00:00,Technical Issue,Medium,3.5,13.2
4468,10602,2023-03-13 00:00:00,Onboarding Help,Medium,3.9,11.9
4469,10603,2023-07-02 00:00:00,Technical Issue,High,0.3,1.0
4470,10603,2023-06-17 00:00:00,Feature Request,Low,6.3,27.8
4471,10604,2023-04-22 00:00:00,Technical Issue,Medium,1.2,17.0
4472,10605,2024-11-12 00:00:00,Feature Request,Low,10.1,21.5
4473,10606,2024-06-19 00:00:00,Technical Issue,Low,8.5,43.5
4474,10606,2025-02-14 00:00:00,Technical Issue,Medium,1.1,18.6
4475,10607,2022-10-18 00:00:00,Feature Request,Low,7.4,38.8
4476,10607,2022-10-25 00:00:00,Technical Issue,Low,6.2,16.0
4477,10607,2022-10-20 00:00:00,Technical Issue,Low,6.9,36.2
4478,10611,2023-11-25 00:00:00,Billing Query,Low,9.8,41.0
4479,10611,2023-11-24 00:00:00,Billing Query,Medium,3.7,13.4
4480,10613,2025-02-28 00:00:00,Billing Query,Low,8.6,40.2
4481,10613,2024-10-09 00:00:00,Billing Query,Low,5.8,40.6
4482,10614,2025-01-31 00:00:00,Technical Issue,Low,9.5,20.3
4483,10614,2025-02-07 00:00:00,Billing Query,High,0.9,5.1
4484,10616,2023-12-30 00:00:00,Technical Issue,Medium,3.8,10.2
4485,10617,2025-02-10 00:00:00,Billing Query,Low,5.6,38.3
4486,10618,2023-10-21 00:00:00,Onboarding Help,Medium,3.4,23.6
4487,10619,2024-11-07 00:00:00,Feature Request,Low,7.9,26.2
4488,10621,2025-04-10 00:00:00,Technical Issue,Low,4.7,45.3
4489,10623,2024-11-13 00:00:00,Billing Query,High,0.6,7.6
4490,10624,2025-09-05 00:00:00,Feature Request,Low,10.7,25.2
4491,10630,2022-04-09 00:00:00,Technical Issue,Low,11.1,27.2
4492,10630,2022-05-18 00:00:00,Technical Issue,Low,11.8,44.4
4493,10631,2024-04-26 00:00:00,Technical Issue,Medium,2.7,12.4
4494,10631,2024-05-07 00:00:00,Technical Issue,Low,5.5,30.4
4495,10634,2024-07-17 00:00:00,Technical Issue,Low,8.9,37.8
4496,10634,2024-07-29 00:00:00,Onboarding Help,Low,8.0,14.7
4497,10635,2022-11-17 00:00:00,Billing Query,Medium,3.0,16.3
4498,10636,2025-07-18 00:00:00,Feature Request,Medium,3.4,12.4
4499,10636,2025-11-08 00:00:00,Billing Query,Low,4.1,45.0
4500,10639,2024-10-30 00:00:00,Feature Request,High,1.5,6.3
4501,10639,2025-04-11 00:00:00,Technical Issue,High,0.8,1.7
4502,10642,2024-06-10 00:00:00,Feature Request,Low,7.5,19.7
4503,10642,2024-05-01 00:00:00,Billing Query,Low,10.3,41.4
4504,10643,2025-09-03 00:00:00,Billing Query,Medium,2.9,20.1
4505,10648,2025-04-10 00:00:00,Technical Issue,Low,9.9,30.9
4506,10651,2024-07-28 00:00:00,Feature Request,Low,10.1,30.2
4507,10652,2023-10-17 00:00:00,Technical Issue,Medium,1.3,20.0
4508,10654,2025-10-01 00:00:00,Technical Issue,Low,11.6,41.3
4509,10656,2025-09-07 00:00:00,Billing Query,Low,9.9,20.1
4510,10657,2024-09-29 00:00:00,Technical Issue,High,0.5,3.8
4511,10657,2024-08-25 00:00:00,Billing Query,Medium,3.5,13.2
4512,10658,2025-06-20 00:00:00,Feature Request,Low,10.7,28.8
4513,10659,2025-11-09 00:00:00,Technical Issue,High,0.3,5.9
4514,10660,2025-03-03 00:00:00,Billing Query,Low,11.3,32.8
4515,10660,2025-02-04 00:00:00,Billing Query,High,0.9,8.0
4516,10660,2025-02-09 00:00:00,Feature Request,Low,9.6,44.4
4517,10661,2023-10-03 00:00:00,Onboarding Help,Low,11.7,47.0
4518,10663,2024-01-23 00:00:00,Technical Issue,Low,10.8,23.5
4519,10666,2025-04-10 00:00:00,Technical Issue,High,0.6,1.2
4520,10668,2025-08-28 00:00:00,Technical Issue,Medium,3.6,8.1
4521,10668,2024-09-20 00:00:00,Technical Issue,Low,5.8,42.6
4522,10670,2023-05-26 00:00:00,Feature Request,Low,11.5,28.8
4523,10671,2024-12-05 00:00:00,Technical Issue,Low,6.6,14.9
4524,10671,2025-02-26 00:00:00,Feature Request,Low,11.3,19.3
4525,10673,2025-11-07 00:00:00,Feature Request,Low,10.7,23.5
4526,10674,2024-08-01 00:00:00,Technical Issue,Low,7.0,23.7
4527,10675,2024-06-07 00:00:00,Technical Issue,Low,5.1,25.8
4528,10675,2024-09-30 00:00:00,Onboarding Help,Low,9.5,14.4
4529,10676,2023-06-19 00:00:00,Technical Issue,Low,11.7,44.8
4530,10680,2024-03-17 00:00:00,Feature Request,Low,8.4,35.6
4531,10681,2023-11-18 00:00:00,Technical Issue,Low,11.3,12.1
4532,10687,2023-08-08 00:00:00,Technical Issue,Low,6.4,21.4
4533,10689,2025-05-25 00:00:00,Feature Request,Medium,3.3,16.9
4534,10691,2025-02-05 00:00:00,Billing Query,Low,10.7,18.7
4535,10691,2024-11-17 00:00:00,Technical Issue,Low,11.5,32.5
4536,10692,2025-11-30 00:00:00,Billing Query,High,0.5,6.6
4537,10692,2025-12-11 00:00:00,Technical Issue,Medium,2.6,13.4
4538,10694,2025-11-19 00:00:00,Feature Request,Low,10.1,23.8
4539,10695,2025-08-09 00:00:00,Feature Request,High,0.6,4.5
4540,10696,2025-10-10 00:00:00,Billing Query,Low,10.4,41.8
4541,10699,2024-09-19 00:00:00,Technical Issue,Low,5.3,32.1
4542,10699,2024-10-01 00:00:00,Technical Issue,Medium,1.6,19.8
4543,10700,2024-04-10 00:00:00,Feature Request,Low,4.7,48.0
4544,10700,2025-03-19 00:00:00,Billing Query,High,0.8,3.5
4545,10703,2025-02-19 00:00:00,Technical Issue,Low,8.6,20.9
4546,10704,2024-06-27 00:00:00,Feature Request,Medium,3.5,9.2
4547,10704,2025-01-14 00:00:00,Billing Query,Low,7.0,36.0
4548,10705,2025-10-24 00:00:00,Billing Query,Low,11.3,13.1
4549,10708,2024-01-02 00:00:00,Onboarding Help,Low,11.7,22.1
4550,10708,2025-01-05 00:00:00,Technical Issue,Low,6.4,37.1
4551,10710,2023-03-12 00:00:00,Billing Query,High,0.5,4.2
4552,10711,2023-08-27 00:00:00,Onboarding Help,Low,8.8,47.9
4553,10711,2023-05-12 00:00:00,Billing Query,Medium,2.3,9.3
4554,10711,2023-09-20 00:00:00,Technical Issue,High,1.4,1.0
4555,10713,2025-03-31 00:00:00,Billing Query,Medium,2.3,12.9
4556,10713,2025-04-26 00:00:00,Billing Query,Medium,2.9,22.9
4557,10713,2025-10-17 00:00:00,Billing Query,Low,8.4,43.7
4558,10715,2025-04-30 00:00:00,Onboarding Help,Medium,1.1,18.8
4559,10715,2025-06-01 00:00:00,Billing Query,Low,4.6,23.1
4560,10716,2023-11-11 00:00:00,Technical Issue,Low,11.0,38.6
4561,10718,2024-12-24 00:00:00,Technical Issue,Low,7.6,34.2
4562,10718,2025-01-19 00:00:00,Technical Issue,Low,9.1,22.5
4563,10719,2025-10-29 00:00:00,Feature Request,Low,5.5,13.7
4564,10720,2024-10-19 00:00:00,Technical Issue,Medium,2.7,21.1
4565,10722,2025-01-03 00:00:00,Onboarding Help,Low,10.7,39.5
4566,10723,2025-09-11 00:00:00,Onboarding Help,Medium,3.0,23.0
4567,10724,2025-04-16 00:00:00,Technical Issue,Medium,3.5,21.5
4568,10725,2023-03-26 00:00:00,Billing Query,High,1.5,4.7
4569,10726,2025-09-11 00:00:00,Feature Request,Medium,2.5,11.6
4570,10735,2025-11-23 00:00:00,Technical Issue,Low,11.6,47.3
4571,10736,2025-09-25 00:00:00,Billing Query,Low,7.1,32.1
4572,10737,2024-02-07 00:00:00,Technical Issue,Low,9.1,22.7
4573,10737,2023-07-17 00:00:00,Technical Issue,Low,5.1,43.0
4574,10739,2025-10-03 00:00:00,Feature Request,Low,11.3,22.3
4575,10743,2025-02-16 00:00:00,Technical Issue,High,1.3,2.6
4576,10745,2025-03-15 00:00:00,Technical Issue,Medium,3.0,16.7
4577,10747,2024-06-17 00:00:00,Feature Request,Low,10.7,27.1
4578,10747,2025-03-04 00:00:00,Feature Request,Low,11.4,27.1
4579,10748,2023-12-08 00:00:00,Feature Request,High,1.0,3.2
4580,10748,2023-10-27 00:00:00,Onboarding Help,Low,8.5,30.3
4581,10748,2023-10-24 00:00:00,Billing Query,Low,5.8,19.5
4582,10750,2024-04-11 00:00:00,Technical Issue,Low,10.6,30.9
4583,10751,2025-03-29 00:00:00,Technical Issue,High,0.4,2.6
4584,10751,2025-03-14 00:00:00,Technical Issue,High,0.8,1.2
4585,10752,2023-06-09 00:00:00,Billing Query,Medium,1.1,20.6
4586,10752,2025-09-26 00:00:00,Technical Issue,High,0.5,5.8
4587,10753,2025-10-26 00:00:00,Technical Issue,Medium,3.9,14.8
4588,10754,2024-11-19 00:00:00,Feature Request,Low,7.1,19.6
4589,10754,2024-11-16 00:00:00,Technical Issue,Low,4.9,35.7
4590,10755,2024-08-14 00:00:00,Billing Query,Low,7.8,16.2
4591,10757,2023-02-20 00:00:00,Technical Issue,Low,10.4,35.4
4592,10757,2023-03-17 00:00:00,Technical Issue,Medium,1.7,14.4
4593,10760,2023-04-25 00:00:00,Technical Issue,Medium,3.5,13.5
4594,10760,2023-05-02 00:00:00,Billing Query,Medium,3.6,19.6
4595,10761,2024-09-27 00:00:00,Technical Issue,Low,4.8,37.0
4596,10761,2024-10-05 00:00:00,Technical Issue,Medium,3.8,22.6
4597,10767,2024-12-11 00:00:00,Billing Query,Medium,2.7,9.8
4598,10770,2024-06-30 00:00:00,Feature Request,Low,10.0,37.4
4599,10770,2024-08-13 00:00:00,Feature Request,High,0.4,2.4
4600,10770,2024-06-09 00:00:00,Technical Issue,Medium,2.0,9.7
4601,10771,2025-11-01 00:00:00,Billing Query,High,1.5,5.9
4602,10771,2025-06-13 00:00:00,Billing Query,Medium,3.2,16.5
4603,10772,2025-03-02 00:00:00,Billing Query,Low,4.7,29.2
4604,10779,2024-06-20 00:00:00,Technical Issue,Medium,3.7,10.9
4605,10781,2024-07-10 00:00:00,Technical Issue,Low,8.7,33.2
4606,10782,2025-09-28 00:00:00,Technical Issue,Medium,1.4,15.8
4607,10783,2024-12-27 00:00:00,Technical Issue,Low,6.9,43.5
4608,10783,2024-12-09 00:00:00,Billing Query,Low,7.3,44.7
4609,10783,2025-01-10 00:00:00,Billing Query,Low,7.1,24.9
4610,10785,2024-04-14 00:00:00,Feature Request,Low,4.8,38.2
4611,10786,2025-11-22 00:00:00,Technical Issue,Low,11.6,37.6
4612,10786,2025-06-17 00:00:00,Technical Issue,Medium,1.8,21.1
4613,10787,2025-10-25 00:00:00,Technical Issue,Low,5.0,28.0
4614,10794,2025-03-18 00:00:00,Technical Issue,Low,6.7,25.3
4615,10797,2024-08-22 00:00:00,Feature Request,Medium,2.5,15.2
4616,10797,2025-05-21 00:00:00,Technical Issue,Medium,3.1,18.8
4617,10798,2024-10-21 00:00:00,Technical Issue,High,1.2,5.1
4618,10798,2025-08-27 00:00:00,Onboarding Help,High,1.3,3.6
4619,10801,2025-05-16 00:00:00,Technical Issue,High,0.4,7.3
4620,10804,2024-01-17 00:00:00,Technical Issue,Medium,3.0,22.2
4621,10806,2023-11-22 00:00:00,Billing Query,Low,5.0,46.9
4622,10807,2024-05-09 00:00:00,Technical Issue,Low,9.3,20.4
4623,10807,2024-06-19 00:00:00,Feature Request,High,0.7,7.0
4624,10815,2024-10-16 00:00:00,Technical Issue,Low,8.6,20.0
4625,10816,2025-03-16 00:00:00,Feature Request,Medium,1.8,21.7
4626,10820,2023-06-21 00:00:00,Technical Issue,Medium,1.8,16.3
4627,10821,2024-01-12 00:00:00,Feature Request,Medium,2.5,18.6
4628,10822,2025-09-11 00:00:00,Feature Request,Medium,2.4,19.3
4629,10824,2023-08-23 00:00:00,Onboarding Help,High,1.3,4.8
4630,10824,2023-03-31 00:00:00,Technical Issue,High,0.4,7.8
4631,10825,2025-10-03 00:00:00,Billing Query,Low,7.9,37.8
4632,10826,2023-06-15 00:00:00,Billing Query,Low,11.0,38.8
4633,10828,2025-01-09 00:00:00,Technical Issue,Low,9.8,40.3
4634,10829,2024-09-27 00:00:00,Feature Request,Low,11.8,27.5
4635,10829,2024-10-18 00:00:00,Billing Query,Medium,1.7,15.3
4636,10829,2024-09-02 00:00:00,Billing Query,Low,8.5,17.2
4637,10831,2023-11-18 00:00:00,Billing Query,Low,6.3,37.8
4638,10834,2023-11-26 00:00:00,Technical Issue,Medium,1.7,8.3
4639,10834,2024-05-01 00:00:00,Technical Issue,High,0.8,6.8
4640,10834,2024-07-02 00:00:00,Technical Issue,High,1.3,1.2
4641,10835,2025-02-08 00:00:00,Billing Query,High,0.2,3.8
4642,10836,2024-08-24 00:00:00,Feature Request,Medium,2.5,9.4
4643,10837,2024-03-11 00:00:00,Feature Request,Low,5.0,19.0
4644,10837,2023-12-08 00:00:00,Technical Issue,Low,6.5,21.8
4645,10839,2025-02-19 00:00:00,Onboarding Help,High,1.1,2.4
4646,10841,2025-02-02 00:00:00,Billing Query,Low,5.5,22.6
4647,10842,2025-01-28 00:00:00,Feature Request,Medium,2.1,22.3
4648,10842,2025-05-18 00:00:00,Onboarding Help,Medium,2.3,19.5
4649,10843,2024-08-17 00:00:00,Onboarding Help,Medium,1.7,17.8
4650,10844,2024-11-06 00:00:00,Technical Issue,Low,6.9,46.5
4651,10845,2024-01-29 00:00:00,Feature Request,Low,4.6,42.9
4652,10846,2025-04-24 00:00:00,Onboarding Help,Low,11.9,25.1
4653,10846,2025-07-12 00:00:00,Onboarding Help,Low,7.7,45.5
4654,10846,2025-06-11 00:00:00,Feature Request,Low,4.5,21.2
4655,10848,2025-08-07 00:00:00,Billing Query,Low,11.5,46.3
4656,10848,2025-09-28 00:00:00,Onboarding Help,Medium,2.7,22.6
4657,10848,2025-04-12 00:00:00,Feature Request,Medium,3.6,14.7
4658,10849,2023-04-03 00:00:00,Technical Issue,Low,9.3,42.1
4659,10849,2023-05-09 00:00:00,Feature Request,Low,7.3,39.5
4660,10854,2023-11-13 00:00:00,Technical Issue,Medium,2.5,15.3
4661,10854,2023-09-29 00:00:00,Feature Request,Low,11.8,28.9
4662,10854,2023-02-23 00:00:00,Technical Issue,Low,4.1,13.6
4663,10855,2023-09-28 00:00:00,Billing Query,Low,5.3,36.9
4664,10856,2025-10-23 00:00:00,Onboarding Help,Medium,3.1,21.5
4665,10858,2023-01-14 00:00:00,Onboarding Help,Medium,2.8,11.0
4666,10858,2023-01-23 00:00:00,Technical Issue,Low,7.5,16.8
4667,10858,2023-04-02 00:00:00,Billing Query,Low,8.6,33.9
4668,10861,2024-01-15 00:00:00,Feature Request,Low,6.3,30.2
4669,10861,2023-07-09 00:00:00,Technical Issue,Medium,3.9,18.6
4670,10862,2024-07-15 00:00:00,Technical Issue,Medium,3.4,8.5
4671,10863,2025-10-27 00:00:00,Feature Request,Medium,1.8,14.7
4672,10864,2025-07-04 00:00:00,Technical Issue,Medium,3.1,12.8
4673,10864,2025-07-16 00:00:00,Billing Query,Low,9.1,45.9
4674,10864,2025-07-15 00:00:00,Technical Issue,Low,7.8,22.9
4675,10865,2025-04-01 00:00:00,Billing Query,Medium,2.9,12.3
4676,10868,2024-07-24 00:00:00,Feature Request,Low,9.6,18.7
4677,10868,2024-09-18 00:00:00,Technical Issue,Low,11.2,36.6
4678,10870,2024-07-25 00:00:00,Billing Query,Low,7.7,12.3
4679,10870,2024-07-17 00:00:00,Billing Query,Low,10.9,37.6
4680,10871,2024-09-27 00:00:00,Technical Issue,Low,10.4,25.4
4681,10871,2024-07-25 00:00:00,Feature Request,High,0.6,4.9
4682,10873,2025-03-09 00:00:00,Billing Query,Medium,2.4,8.8
4683,10877,2024-11-26 00:00:00,Feature Request,Low,8.3,30.7
4684,10878,2024-04-26 00:00:00,Feature Request,Low,4.9,21.9
4685,10879,2024-07-26 00:00:00,Onboarding Help,Low,8.5,29.0
4686,10881,2024-10-12 00:00:00,Billing Query,Low,4.1,13.9
4687,10881,2025-09-19 00:00:00,Billing Query,Low,9.6,35.9
4688,10881,2024-12-06 00:00:00,Technical Issue,Low,6.8,13.9
4689,10882,2025-06-18 00:00:00,Billing Query,Medium,2.0,21.6
4690,10884,2024-05-09 00:00:00,Billing Query,High,0.1,7.1
4691,10885,2025-01-21 00:00:00,Feature Request,High,0.5,2.7
4692,10893,2024-06-12 00:00:00,Technical Issue,Low,7.5,19.5
4693,10894,2024-07-06 00:00:00,Technical Issue,Low,5.1,19.6
4694,10895,2024-08-15 00:00:00,Technical Issue,Medium,1.3,23.8
4695,10899,2024-09-29 00:00:00,Technical Issue,Low,6.6,43.5
4696,10901,2024-11-25 00:00:00,Billing Query,High,0.8,4.9
4697,10903,2025-08-28 00:00:00,Billing Query,High,0.2,4.0
4698,10903,2025-09-11 00:00:00,Feature Request,Medium,3.6,21.3
4699,10904,2025-02-25 00:00:00,Billing Query,Medium,2.0,16.7
4700,10905,2025-01-22 00:00:00,Technical Issue,Medium,2.6,12.5
4701,10906,2023-11-21 00:00:00,Onboarding Help,Low,7.7,33.0
4702,10906,2023-10-25 00:00:00,Technical Issue,Low,10.7,42.0
4703,10906,2024-02-01 00:00:00,Onboarding Help,High,1.2,1.3
4704,10908,2025-04-10 00:00:00,Technical Issue,Low,4.3,32.1
4705,10909,2025-03-07 00:00:00,Technical Issue,Low,4.9,46.6
4706,10909,2025-03-27 00:00:00,Billing Query,Low,4.5,35.3
4707,10911,2025-03-02 00:00:00,Technical Issue,Low,4.5,43.7
4708,10915,2023-11-16 00:00:00,Billing Query,Low,9.8,47.7
4709,10918,2025-09-16 00:00:00,Technical Issue,Medium,2.8,19.4
4710,10919,2023-07-04 00:00:00,Billing Query,Low,9.6,24.7
4711,10919,2023-09-06 00:00:00,Feature Request,Medium,2.9,14.9
4712,10919,2023-09-22 00:00:00,Onboarding Help,Low,4.6,47.9
4713,10922,2024-02-11 00:00:00,Technical Issue,High,0.8,7.3
4714,10923,2024-08-17 00:00:00,Technical Issue,Medium,2.4,21.4
4715,10925,2025-03-09 00:00:00,Technical Issue,Low,9.2,16.8
4716,10927,2024-02-05 00:00:00,Technical Issue,Low,8.4,39.4
4717,10927,2024-08-02 00:00:00,Billing Query,Low,11.3,41.4
4718,10927,2024-08-01 00:00:00,Feature Request,Low,9.3,46.0
4719,10930,2024-09-16 00:00:00,Billing Query,Low,5.8,30.3
4720,10931,2024-04-13 00:00:00,Feature Request,Low,9.2,26.1
4721,10931,2024-12-23 00:00:00,Technical Issue,High,0.6,7.8
4722,10933,2024-11-16 00:00:00,Feature Request,Medium,2.4,9.7
4723,10934,2025-08-19 00:00:00,Technical Issue,Medium,2.5,16.8
4724,10935,2024-01-23 00:00:00,Billing Query,Low,4.7,22.5
4725,10935,2024-02-08 00:00:00,Technical Issue,Low,11.2,13.5
4726,10940,2024-02-19 00:00:00,Feature Request,Low,10.3,29.2
4727,10940,2023-08-04 00:00:00,Technical Issue,Low,6.5,43.2
4728,10942,2024-09-07 00:00:00,Technical Issue,Low,5.4,44.1
4729,10943,2024-07-06 00:00:00,Technical Issue,Low,8.1,30.0
4730,10943,2024-07-04 00:00:00,Billing Query,High,0.4,6.3
4731,10944,2024-08-17 00:00:00,Feature Request,Medium,2.1,19.6
4732,10948,2025-04-01 00:00:00,Billing Query,Low,8.0,16.8
4733,10949,2024-11-21 00:00:00,Billing Query,Low,7.8,27.5
4734,10950,2024-09-09 00:00:00,Feature Request,Low,7.3,36.6
4735,10951,2023-12-09 00:00:00,Onboarding Help,Low,8.6,18.8
4736,10951,2024-11-28 00:00:00,Technical Issue,High,1.3,1.9
4737,10951,2024-02-06 00:00:00,Onboarding Help,Low,6.4,21.6
4738,10952,2025-10-01 00:00:00,Billing Query,High,0.5,2.7
4739,10952,2025-10-31 00:00:00,Billing Query,Medium,2.3,10.7
4740,10953,2024-05-08 00:00:00,Feature Request,Low,9.0,38.6
4741,10953,2024-04-18 00:00:00,Feature Request,Medium,2.9,12.4
4742,10955,2025-01-20 00:00:00,Billing Query,Low,4.6,24.8
4743,10956,2025-08-04 00:00:00,Onboarding Help,Medium,1.7,22.7
4744,10958,2025-02-17 00:00:00,Onboarding Help,Medium,2.8,10.4
4745,10959,2024-05-15 00:00:00,Billing Query,Low,7.5,12.9
4746,10963,2024-12-03 00:00:00,Technical Issue,Low,6.8,14.0
4747,10964,2025-10-21 00:00:00,Billing Query,Medium,1.6,11.7
4748,10965,2025-04-20 00:00:00,Billing Query,Low,11.7,20.9
4749,10967,2025-06-11 00:00:00,Billing Query,Medium,3.1,17.7
4750,10968,2024-12-30 00:00:00,Technical Issue,Low,7.8,30.9
4751,10968,2024-10-24 00:00:00,Technical Issue,Low,7.8,21.8
4752,10969,2024-08-18 00:00:00,Technical Issue,Medium,2.8,12.6
4753,10969,2024-10-24 00:00:00,Technical Issue,Medium,2.7,15.1
4754,10970,2025-12-10 00:00:00,Onboarding Help,Low,6.5,20.6
4755,10970,2025-12-26 00:00:00,Technical Issue,Low,10.6,15.2
4756,10971,2024-05-08 00:00:00,Onboarding Help,Low,9.4,12.5
4757,10971,2024-03-20 00:00:00,Billing Query,Low,7.0,20.8
4758,10972,2024-11-27 00:00:00,Technical Issue,Low,4.7,12.7
4759,10972,2024-06-04 00:00:00,Technical Issue,Low,5.3,17.6
4760,10974,2023-05-20 00:00:00,Onboarding Help,Low,10.6,44.7
4761,10978,2025-05-11 00:00:00,Onboarding Help,Low,4.5,33.8
4762,10978,2025-05-04 00:00:00,Technical Issue,High,1.2,5.1
4763,10980,2024-06-19 00:00:00,Technical Issue,Low,5.3,16.3
4764,10981,2024-08-08 00:00:00,Technical Issue,Low,8.6,19.6
4765,10982,2024-09-17 00:00:00,Technical Issue,Low,9.6,36.7
4766,10982,2024-10-13 00:00:00,Billing Query,Medium,3.2,14.8
4767,10983,2025-09-07 00:00:00,Billing Query,High,0.6,5.0
4768,10984,2025-10-26 00:00:00,Technical Issue,Low,10.2,29.7
4769,10987,2023-03-09 00:00:00,Technical Issue,Low,11.6,19.7
4770,10991,2025-02-26 00:00:00,Technical Issue,High,1.1,4.6
4771,10992,2025-11-13 00:00:00,Onboarding Help,Medium,4.0,16.6
4772,10994,2025-12-13 00:00:00,Technical Issue,Medium,2.3,18.0
4773,10997,2024-04-11 00:00:00,Onboarding Help,Low,10.1,32.2
4774,10998,2023-08-06 00:00:00,Billing Query,Low,10.7,42.1
4775,11001,2025-10-18 00:00:00,Feature Request,Low,10.3,41.4
4776,11001,2024-10-06 00:00:00,Billing Query,Low,10.3,43.3
4777,11002,2025-03-15 00:00:00,Feature Request,Low,4.8,24.3
4778,11002,2025-03-28 00:00:00,Feature Request,Low,9.7,18.4
4779,11003,2025-12-05 00:00:00,Feature Request,High,1.1,6.5
4780,11004,2023-09-08 00:00:00,Billing Query,Low,6.9,25.2
4781,11007,2025-07-04 00:00:00,Billing Query,Low,10.8,36.3
4782,11012,2024-08-25 00:00:00,Billing Query,High,1.4,3.6
4783,11013,2025-12-07 00:00:00,Technical Issue,High,0.5,6.0
4784,11013,2025-06-26 00:00:00,Billing Query,High,0.7,5.6
4785,11014,2023-11-22 00:00:00,Onboarding Help,Low,6.8,41.0
4786,11014,2023-10-14 00:00:00,Billing Query,Low,8.1,28.3
4787,11015,2025-03-19 00:00:00,Technical Issue,Low,12.0,18.3
4788,11017,2025-04-16 00:00:00,Billing Query,Low,9.6,40.0
4789,11017,2024-08-29 00:00:00,Feature Request,Low,7.0,12.5
4790,11018,2025-06-17 00:00:00,Technical Issue,Low,11.5,33.6
4791,11018,2025-03-25 00:00:00,Technical Issue,Low,6.8,16.1
4792,11021,2024-02-10 00:00:00,Technical Issue,Medium,2.5,21.3
4793,11021,2024-02-13 00:00:00,Billing Query,Low,8.8,46.8
4794,11025,2024-08-10 00:00:00,Billing Query,High,0.8,3.6
4795,11025,2024-10-16 00:00:00,Feature Request,Low,6.1,47.7
4796,11031,2025-09-24 00:00:00,Technical Issue,Low,4.5,47.7
4797,11036,2024-06-21 00:00:00,Technical Issue,Medium,2.0,23.8
4798,11039,2023-01-30 00:00:00,Technical Issue,Medium,3.9,8.5
4799,11039,2022-09-12 00:00:00,Billing Query,Low,9.6,17.0
4800,11040,2025-01-09 00:00:00,Technical Issue,Medium,1.9,15.2
4801,11041,2025-01-11 00:00:00,Billing Query,Medium,3.0,22.8
4802,11043,2025-07-06 00:00:00,Billing Query,Medium,2.0,14.5
4803,11043,2024-04-20 00:00:00,Billing Query,High,0.1,5.5
4804,11044,2024-05-19 00:00:00,Technical Issue,Low,4.7,14.3
4805,11045,2023-05-12 00:00:00,Technical Issue,Medium,3.4,10.9
4806,11045,2023-06-15 00:00:00,Feature Request,High,1.1,5.8
4807,11046,2024-08-29 00:00:00,Onboarding Help,Low,10.6,13.0
4808,11047,2025-03-05 00:00:00,Billing Query,High,0.3,7.4
4809,11047,2025-01-13 00:00:00,Technical Issue,High,0.9,7.8
4810,11048,2025-10-29 00:00:00,Technical Issue,Medium,2.2,22.8
4811,11049,2025-05-28 00:00:00,Feature Request,High,0.5,7.8
4812,11051,2024-05-31 00:00:00,Onboarding Help,Low,7.2,21.9
4813,11053,2022-09-20 00:00:00,Feature Request,Medium,3.9,16.6
4814,11053,2022-11-17 00:00:00,Onboarding Help,High,1.4,2.6
4815,11056,2023-09-23 00:00:00,Billing Query,Low,11.7,21.9
4816,11057,2023-10-18 00:00:00,Billing Query,Low,10.5,16.0
4817,11059,2024-08-07 00:00:00,Billing Query,High,1.2,2.1
4818,11059,2025-01-30 00:00:00,Billing Query,High,0.3,1.1
4819,11060,2025-04-20 00:00:00,Billing Query,Low,4.1,16.8
4820,11061,2025-11-14 00:00:00,Billing Query,Medium,2.2,15.5
4821,11061,2025-11-08 00:00:00,Billing Query,High,0.8,5.3
4822,11065,2024-11-21 00:00:00,Feature Request,Medium,2.2,11.8
4823,11067,2023-11-23 00:00:00,Billing Query,Low,5.1,22.7
4824,11068,2025-01-11 00:00:00,Technical Issue,Low,11.4,19.5
4825,11069,2025-04-14 00:00:00,Feature Request,Low,11.6,18.2
4826,11069,2025-01-12 00:00:00,Billing Query,Low,10.7,14.4
4827,11070,2024-10-14 00:00:00,Billing Query,Low,4.2,24.2
4828,11071,2024-01-05 00:00:00,Onboarding Help,Low,8.8,41.2
4829,11071,2024-04-20 00:00:00,Technical Issue,Low,11.9,15.4
4830,11072,2022-12-01 00:00:00,Technical Issue,Medium,2.5,14.5
4831,11074,2024-04-17 00:00:00,Billing Query,Low,6.3,35.9
4832,11076,2025-10-14 00:00:00,Billing Query,Medium,3.8,8.5
4833,11078,2025-08-17 00:00:00,Billing Query,Low,5.9,16.2
4834,11078,2025-07-03 00:00:00,Technical Issue,Low,5.0,46.8
4835,11083,2024-07-19 00:00:00,Feature Request,Medium,3.6,18.5
4836,11086,2024-06-18 00:00:00,Feature Request,Low,10.8,25.3
4837,11086,2024-07-05 00:00:00,Billing Query,High,0.7,1.5
4838,11088,2025-03-24 00:00:00,Feature Request,Low,9.6,19.9
4839,11089,2025-03-02 00:00:00,Technical Issue,Low,5.3,25.8
4840,11090,2025-11-07 00:00:00,Technical Issue,Low,10.1,15.0
4841,11091,2024-06-27 00:00:00,Technical Issue,Low,9.2,44.7
4842,11091,2024-10-10 00:00:00,Technical Issue,Low,10.6,25.9
4843,11095,2025-08-01 00:00:00,Feature Request,Low,5.0,34.2
4844,11095,2025-06-21 00:00:00,Technical Issue,Low,4.4,28.7
4845,11099,2023-03-11 00:00:00,Billing Query,High,1.2,1.7
4846,11101,2023-04-23 00:00:00,Billing Query,Low,6.2,16.5
4847,11102,2025-04-14 00:00:00,Billing Query,Low,9.3,40.0
4848,11103,2024-06-08 00:00:00,Billing Query,Low,5.5,37.2
4849,11104,2025-02-13 00:00:00,Onboarding Help,Low,10.8,33.9
4850,11105,2025-05-05 00:00:00,Billing Query,High,0.7,6.8
4851,11106,2024-12-26 00:00:00,Technical Issue,Low,4.1,16.6
4852,11107,2025-01-19 00:00:00,Feature Request,High,0.7,7.1
4853,11107,2025-02-05 00:00:00,Feature Request,High,0.2,7.1
4854,11108,2024-11-25 00:00:00,Technical Issue,Medium,1.9,15.8
4855,11110,2025-08-08 00:00:00,Technical Issue,Low,6.7,13.6
4856,11112,2023-06-04 00:00:00,Billing Query,Low,10.0,38.3
4857,11113,2025-06-09 00:00:00,Technical Issue,Low,5.3,21.4
4858,11114,2023-01-11 00:00:00,Billing Query,Low,7.6,27.6
4859,11117,2025-08-21 00:00:00,Onboarding Help,Medium,1.6,19.8
4860,11118,2023-10-17 00:00:00,Billing Query,High,0.5,2.8
4861,11123,2023-12-16 00:00:00,Billing Query,Low,8.5,14.6
4862,11123,2023-10-04 00:00:00,Technical Issue,Medium,1.0,22.8
4863,11124,2025-08-17 00:00:00,Billing Query,Low,8.2,31.8
4864,11124,2024-11-18 00:00:00,Billing Query,Low,8.5,19.1
4865,11125,2024-02-14 00:00:00,Feature Request,Low,9.5,31.7
4866,11126,2023-07-16 00:00:00,Feature Request,Low,10.4,37.5
4867,11128,2024-08-22 00:00:00,Technical Issue,Low,6.2,39.2
4868,11130,2024-08-19 00:00:00,Feature Request,Low,5.2,39.0
4869,11130,2024-07-29 00:00:00,Billing Query,Medium,1.3,8.8
4870,11131,2025-04-23 00:00:00,Billing Query,Low,8.5,27.9
4871,11136,2024-08-17 00:00:00,Feature Request,Low,8.5,45.3
4872,11136,2024-07-04 00:00:00,Billing Query,Low,5.8,31.9
4873,11137,2024-11-22 00:00:00,Technical Issue,Medium,3.8,22.8
4874,11140,2025-01-27 00:00:00,Billing Query,Low,7.0,28.5
4875,11141,2025-01-21 00:00:00,Billing Query,Low,8.1,39.5
4876,11141,2024-12-13 00:00:00,Feature Request,High,1.0,1.8
4877,11143,2024-08-13 00:00:00,Technical Issue,Medium,2.5,14.8
4878,11144,2023-10-24 00:00:00,Feature Request,Low,6.8,15.6
4879,11148,2023-09-21 00:00:00,Technical Issue,Low,9.5,42.2
4880,11150,2025-11-06 00:00:00,Billing Query,Low,7.8,36.1
4881,11150,2025-11-13 00:00:00,Billing Query,Low,9.2,46.4
4882,11151,2025-12-14 00:00:00,Feature Request,Low,8.9,42.1
4883,11151,2025-08-30 00:00:00,Technical Issue,Medium,2.6,15.0
4884,11153,2023-06-02 00:00:00,Billing Query,High,0.4,5.9
4885,11154,2024-01-27 00:00:00,Technical Issue,Low,12.0,39.9
4886,11155,2023-08-01 00:00:00,Technical Issue,Medium,1.7,8.0
4887,11157,2025-07-08 00:00:00,Billing Query,Medium,2.1,23.1
4888,11161,2025-09-07 00:00:00,Technical Issue,Medium,2.0,16.0
4889,11162,2024-02-26 00:00:00,Technical Issue,Low,9.1,17.9
4890,11163,2023-11-19 00:00:00,Billing Query,Medium,3.3,19.5
4891,11167,2024-09-13 00:00:00,Onboarding Help,Low,7.8,47.4
4892,11168,2024-04-21 00:00:00,Technical Issue,Medium,1.7,13.7
4893,11168,2024-03-01 00:00:00,Billing Query,Low,10.5,20.2
4894,11169,2024-12-29 00:00:00,Technical Issue,High,1.0,3.5
4895,11174,2024-04-06 00:00:00,Feature Request,Low,10.6,34.4
4896,11175,2023-11-14 00:00:00,Technical Issue,High,0.3,3.1
4897,11178,2023-04-08 00:00:00,Billing Query,Low,11.3,41.3
4898,11178,2024-04-30 00:00:00,Technical Issue,Low,9.8,26.2
4899,11181,2024-08-09 00:00:00,Technical Issue,Medium,4.0,17.9
4900,11182,2023-08-02 00:00:00,Billing Query,Low,4.1,23.3
4901,11187,2025-10-14 00:00:00,Billing Query,Low,11.4,25.3
4902,11188,2024-11-27 00:00:00,Technical Issue,Low,4.3,13.3
4903,11190,2023-12-29 00:00:00,Onboarding Help,Medium,1.7,17.4
4904,11190,2024-01-15 00:00:00,Billing Query,Low,6.8,25.7
4905,11190,2024-01-20 00:00:00,Technical Issue,Low,8.2,47.3
4906,11191,2025-10-30 00:00:00,Technical Issue,Low,9.4,13.6
4907,11192,2025-07-05 00:00:00,Billing Query,Medium,2.4,17.1
4908,11193,2025-12-08 00:00:00,Billing Query,High,1.0,5.9
4909,11196,2023-12-13 00:00:00,Technical Issue,High,0.7,5.6
4910,11197,2024-06-22 00:00:00,Technical Issue,Medium,2.4,20.8
4911,11197,2024-06-29 00:00:00,Onboarding Help,Low,5.0,31.9
4912,11197,2024-08-06 00:00:00,Billing Query,Low,10.8,28.7
4913,11198,2025-04-20 00:00:00,Onboarding Help,Low,5.8,14.8
4914,11199,2025-02-03 00:00:00,Technical Issue,Medium,2.2,14.6
4915,11199,2025-11-15 00:00:00,Technical Issue,Low,9.9,31.4
4916,11201,2024-11-12 00:00:00,Billing Query,Low,10.0,28.0
4917,11201,2024-08-20 00:00:00,Feature Request,Medium,1.9,12.2
4918,11206,2024-04-11 00:00:00,Technical Issue,Low,6.5,38.1
4919,11206,2024-02-02 00:00:00,Feature Request,Medium,3.2,17.9
4920,11209,2025-05-01 00:00:00,Feature Request,Low,6.3,28.3
4921,11210,2023-01-08 00:00:00,Onboarding Help,Medium,2.3,13.4
4922,11212,2022-11-20 00:00:00,Billing Query,Low,6.5,25.8
4923,11213,2024-07-20 00:00:00,Billing Query,Medium,1.3,21.2
4924,11213,2024-06-10 00:00:00,Technical Issue,Low,8.6,22.1
4925,11213,2024-06-27 00:00:00,Technical Issue,Medium,2.0,11.2
4926,11215,2023-11-25 00:00:00,Feature Request,Low,7.7,41.0
4927,11215,2023-12-13 00:00:00,Technical Issue,Low,9.1,38.5
4928,11216,2024-06-17 00:00:00,Technical Issue,Low,8.1,39.7
4929,11217,2025-01-03 00:00:00,Technical Issue,High,0.2,4.2
4930,11217,2024-08-21 00:00:00,Technical Issue,Medium,1.4,18.3
4931,11219,2024-05-29 00:00:00,Technical Issue,Low,8.4,38.6
4932,11219,2024-07-20 00:00:00,Technical Issue,Low,7.9,24.8
4933,11221,2024-08-25 00:00:00,Technical Issue,Low,11.0,40.2
4934,11222,2023-05-06 00:00:00,Technical Issue,Medium,2.0,22.7
4935,11222,2023-04-26 00:00:00,Technical Issue,Low,8.3,38.9
4936,11222,2023-04-27 00:00:00,Technical Issue,Low,4.3,23.9
4937,11223,2023-03-18 00:00:00,Billing Query,High,0.9,5.5
4938,11227,2025-01-26 00:00:00,Feature Request,Low,6.8,25.3
4939,11230,2025-05-31 00:00:00,Technical Issue,Low,10.4,22.3
4940,11233,2025-06-17 00:00:00,Feature Request,Low,9.9,14.5
4941,11233,2025-07-29 00:00:00,Technical Issue,Low,7.2,37.8
4942,11235,2024-07-06 00:00:00,Technical Issue,Low,5.0,24.2
4943,11236,2024-09-12 00:00:00,Technical Issue,High,0.9,7.6
4944,11236,2024-09-25 00:00:00,Technical Issue,Low,8.2,26.3
4945,11238,2024-11-15 00:00:00,Feature Request,Low,8.4,20.3
4946,11241,2025-10-21 00:00:00,Technical Issue,Low,10.2,46.0
4947,11242,2024-12-09 00:00:00,Technical Issue,Medium,2.6,16.2
4948,11244,2024-04-16 00:00:00,Technical Issue,Low,4.7,34.5
4949,11244,2025-02-03 00:00:00,Onboarding Help,Low,11.6,40.8
4950,11245,2024-05-22 00:00:00,Billing Query,Low,4.3,29.6
4951,11245,2024-04-01 00:00:00,Feature Request,Low,4.6,22.3
4952,11249,2025-06-18 00:00:00,Technical Issue,Low,8.3,25.9
4953,11249,2025-06-09 00:00:00,Technical Issue,Medium,2.4,16.5
4954,11250,2025-03-27 00:00:00,Billing Query,Medium,2.5,13.9
4955,11252,2024-05-28 00:00:00,Feature Request,Medium,2.5,8.8
4956,11252,2024-06-01 00:00:00,Technical Issue,Low,11.4,12.5
4957,11253,2025-09-12 00:00:00,Billing Query,Medium,3.4,9.3
4958,11254,2023-12-28 00:00:00,Onboarding Help,Medium,1.1,18.2
4959,11254,2023-06-04 00:00:00,Technical Issue,High,0.3,7.2
4960,11256,2022-12-30 00:00:00,Technical Issue,Low,8.5,21.1
4961,11256,2022-10-05 00:00:00,Onboarding Help,Low,6.1,12.4
4962,11257,2023-11-26 00:00:00,Feature Request,Medium,1.4,9.1
4963,11258,2025-02-26 00:00:00,Technical Issue,Low,4.7,16.6
4964,11259,2022-10-25 00:00:00,Technical Issue,Medium,3.0,21.6
4965,11261,2025-01-05 00:00:00,Billing Query,Low,4.1,46.1
4966,11262,2024-04-17 00:00:00,Technical Issue,High,1.0,3.5
4967,11263,2025-02-19 00:00:00,Billing Query,Low,7.6,42.6
4968,11266,2023-04-15 00:00:00,Billing Query,Low,4.7,33.4
4969,11269,2024-08-08 00:00:00,Feature Request,Low,9.1,15.2
4970,11270,2025-11-25 00:00:00,Feature Request,Low,8.2,32.9
4971,11270,2025-10-06 00:00:00,Technical Issue,Low,6.4,44.7
4972,11271,2025-02-28 00:00:00,Onboarding Help,Low,6.1,43.9
4973,11271,2024-12-27 00:00:00,Technical Issue,Low,7.8,43.4
4974,11274,2023-09-16 00:00:00,Technical Issue,Medium,3.9,15.3
4975,11274,2024-06-27 00:00:00,Billing Query,High,1.5,4.4
4976,11275,2025-10-07 00:00:00,Technical Issue,Low,10.1,36.8
4977,11275,2025-03-21 00:00:00,Technical Issue,Low,6.3,21.3
4978,11276,2025-11-04 00:00:00,Billing Query,High,1.2,5.9
4979,11278,2022-10-18 00:00:00,Feature Request,High,1.4,4.9
4980,11279,2024-09-02 00:00:00,Onboarding Help,Medium,2.4,17.7
4981,11279,2024-10-12 00:00:00,Billing Query,Low,11.6,20.6
4982,11280,2023-08-19 00:00:00,Onboarding Help,High,0.5,1.4
4983,11282,2024-09-18 00:00:00,Technical Issue,Medium,2.6,11.7
4984,11283,2023-12-06 00:00:00,Technical Issue,Low,9.3,35.7
4985,11285,2025-05-19 00:00:00,Technical Issue,Medium,1.4,16.8
4986,11285,2024-05-29 00:00:00,Technical Issue,Low,8.7,23.7
4987,11287,2024-08-14 00:00:00,Onboarding Help,Low,11.0,18.8
4988,11287,2025-05-10 00:00:00,Billing Query,Low,10.0,40.6
4989,11289,2024-11-16 00:00:00,Feature Request,Low,12.0,23.9
4990,11289,2024-10-05 00:00:00,Technical Issue,Low,8.0,34.3
4991,11292,2024-05-13 00:00:00,Feature Request,Medium,3.2,9.5
4992,11293,2025-06-13 00:00:00,Billing Query,Medium,2.7,13.3
4993,11294,2025-06-09 00:00:00,Billing Query,Low,11.5,29.0
4994,11295,2025-05-21 00:00:00,Billing Query,Medium,2.4,8.5
4995,11297,2023-02-10 00:00:00,Technical Issue,Medium,1.4,12.5
4996,11297,2023-02-11 00:00:00,Billing Query,Low,11.6,30.9
4997,11299,2024-09-07 00:00:00,Billing Query,Low,10.1,20.6
4998,11300,2025-05-10 00:00:00,Feature Request,Low,4.7,34.7
4999,11304,2025-09-07 00:00:00,Billing Query,High,1.3,7.4
5000,11305,2023-04-14 00:00:00,Billing Query,High,0.3,2.0
5001,11306,2024-02-02 00:00:00,Billing Query,Low,7.6,28.3
5002,11306,2024-02-11 00:00:00,Feature Request,Medium,3.4,11.8
5003,11308,2022-02-12 00:00:00,Technical Issue,Low,11.1,19.7
5004,11309,2024-02-07 00:00:00,Onboarding Help,Medium,1.1,23.8
5005,11309,2024-02-18 00:00:00,Feature Request,Medium,2.3,8.5
5006,11309,2024-02-23 00:00:00,Billing Query,Medium,2.5,19.9
5007,11311,2025-07-08 00:00:00,Technical Issue,Low,7.1,18.9
5008,11311,2025-07-11 00:00:00,Technical Issue,Low,4.9,43.7
5009,11312,2023-01-16 00:00:00,Technical Issue,Low,4.3,27.6
5010,11312,2023-03-16 00:00:00,Billing Query,Medium,3.0,18.1
5011,11314,2022-11-06 00:00:00,Feature Request,Medium,2.0,19.8
5012,11315,2025-10-17 00:00:00,Feature Request,Low,9.9,17.1
5013,11317,2025-01-26 00:00:00,Technical Issue,Low,9.9,26.9
5014,11319,2025-12-18 00:00:00,Technical Issue,Low,7.8,20.8
5015,11321,2025-12-03 00:00:00,Technical Issue,Low,7.5,21.7
5016,11323,2025-10-22 00:00:00,Onboarding Help,Medium,1.7,14.6
5017,11324,2024-03-18 00:00:00,Technical Issue,High,0.3,3.4
5018,11324,2024-03-08 00:00:00,Technical Issue,Medium,1.5,8.8
5019,11327,2025-04-04 00:00:00,Billing Query,Low,9.5,17.8
5020,11334,2025-07-27 00:00:00,Billing Query,Low,7.5,18.2
5021,11334,2025-09-16 00:00:00,Feature Request,Low,7.0,30.8
5022,11337,2025-11-20 00:00:00,Onboarding Help,Medium,2.3,22.8
5023,11339,2023-03-25 00:00:00,Feature Request,Low,7.6,23.9
5024,11341,2024-05-28 00:00:00,Billing Query,High,0.8,7.2
5025,11342,2025-09-06 00:00:00,Billing Query,Medium,1.2,15.8
5026,11342,2024-08-23 00:00:00,Billing Query,Low,9.0,27.3
5027,11342,2025-05-02 00:00:00,Technical Issue,Low,9.0,39.2
5028,11344,2024-05-12 00:00:00,Technical Issue,Medium,4.0,14.7
5029,11344,2024-05-31 00:00:00,Onboarding Help,Medium,2.0,16.6
5030,11344,2024-05-17 00:00:00,Technical Issue,Medium,2.1,20.5
5031,11345,2024-06-02 00:00:00,Technical Issue,High,0.9,4.1
5032,11347,2025-07-30 00:00:00,Technical Issue,Low,7.6,37.6
5033,11349,2025-06-02 00:00:00,Feature Request,Low,9.3,34.8
5034,11349,2025-06-14 00:00:00,Feature Request,Low,7.9,23.5
5035,11351,2025-10-09 00:00:00,Technical Issue,Medium,1.4,9.2
5036,11354,2024-04-20 00:00:00,Technical Issue,Medium,3.1,14.9
5037,11355,2025-08-05 00:00:00,Billing Query,High,1.0,2.5
5038,11355,2025-09-02 00:00:00,Technical Issue,Low,11.4,14.1
5039,11355,2024-10-19 00:00:00,Feature Request,Low,7.2,47.2
5040,11363,2024-03-08 00:00:00,Billing Query,Medium,2.3,12.8
5041,11363,2023-10-29 00:00:00,Onboarding Help,Low,6.6,21.7
5042,11367,2025-08-22 00:00:00,Feature Request,Low,4.7,40.7
5043,11367,2025-07-31 00:00:00,Technical Issue,High,0.6,3.6
5044,11368,2025-11-09 00:00:00,Technical Issue,Medium,1.4,12.9
5045,11369,2025-03-31 00:00:00,Onboarding Help,Low,10.6,19.6
5046,11370,2025-08-07 00:00:00,Technical Issue,Low,4.2,17.4
5047,11370,2025-07-15 00:00:00,Onboarding Help,Medium,1.0,23.7
5048,11370,2025-06-28 00:00:00,Technical Issue,Medium,1.4,11.7
5049,11371,2024-11-14 00:00:00,Technical Issue,High,0.3,5.3
5050,11371,2025-08-01 00:00:00,Feature Request,Medium,1.2,11.7
5051,11372,2023-05-27 00:00:00,Technical Issue,Low,5.6,47.9
5052,11372,2023-06-01 00:00:00,Technical Issue,Low,10.8,37.7
5053,11374,2025-06-01 00:00:00,Billing Query,Low,11.3,32.4
5054,11375,2025-07-22 00:00:00,Feature Request,Low,8.9,42.6
5055,11375,2025-05-21 00:00:00,Technical Issue,Medium,2.4,23.7
5056,11376,2022-03-30 00:00:00,Technical Issue,Low,10.0,26.1
5057,11377,2024-09-19 00:00:00,Technical Issue,Medium,1.7,15.1
5058,11380,2025-07-08 00:00:00,Technical Issue,Medium,3.9,22.7
5059,11381,2025-08-13 00:00:00,Technical Issue,High,1.4,7.9
5060,11383,2025-01-08 00:00:00,Billing Query,Low,6.8,22.5
5061,11385,2024-07-28 00:00:00,Billing Query,Medium,3.6,15.1
5062,11385,2024-02-17 00:00:00,Billing Query,Low,6.0,14.6
5063,11387,2023-08-02 00:00:00,Technical Issue,Low,8.7,34.8
5064,11391,2025-08-26 00:00:00,Billing Query,Low,9.0,13.9
5065,11391,2025-11-19 00:00:00,Technical Issue,Low,11.5,41.0
5066,11392,2024-01-16 00:00:00,Feature Request,Medium,1.2,8.7
5067,11395,2025-02-10 00:00:00,Onboarding Help,Medium,3.6,14.2
5068,11398,2023-03-23 00:00:00,Billing Query,Low,7.5,15.2
5069,11398,2024-02-02 00:00:00,Technical Issue,Medium,2.9,14.4
5070,11399,2024-11-17 00:00:00,Billing Query,Medium,2.1,16.7
5071,11405,2024-09-08 00:00:00,Billing Query,Medium,1.3,16.0
5072,11406,2025-10-13 00:00:00,Technical Issue,Low,9.6,19.6
5073,11406,2025-08-02 00:00:00,Technical Issue,Low,6.2,43.0
5074,11408,2024-03-04 00:00:00,Onboarding Help,High,1.5,2.0
5075,11410,2024-07-04 00:00:00,Technical Issue,High,0.6,4.9
5076,11411,2024-12-14 00:00:00,Feature Request,Medium,2.9,15.0
5077,11411,2024-12-26 00:00:00,Technical Issue,Low,10.0,37.6
5078,11412,2025-04-12 00:00:00,Billing Query,Medium,1.0,11.1
5079,11413,2025-10-19 00:00:00,Billing Query,Medium,3.7,9.2
5080,11414,2025-07-30 00:00:00,Technical Issue,High,0.3,3.4
5081,11414,2025-09-18 00:00:00,Billing Query,Medium,3.6,15.3
5082,11414,2025-12-17 00:00:00,Onboarding Help,Low,4.8,36.5
5083,11415,2023-08-15 00:00:00,Billing Query,Low,9.9,42.1
5084,11415,2023-10-20 00:00:00,Technical Issue,Low,11.6,19.7
5085,11417,2025-01-02 00:00:00,Billing Query,Low,10.7,21.4
5086,11419,2024-05-02 00:00:00,Billing Query,Medium,1.4,13.0
5087,11420,2024-04-12 00:00:00,Feature Request,Low,4.3,41.9
5088,11424,2025-07-31 00:00:00,Feature Request,Low,9.7,39.8
5089,11425,2024-12-06 00:00:00,Technical Issue,Low,11.4,12.9
5090,11427,2025-04-07 00:00:00,Feature Request,Low,10.9,19.0
5091,11427,2025-04-19 00:00:00,Technical Issue,High,0.2,2.9
5092,11427,2025-02-21 00:00:00,Onboarding Help,High,0.8,2.7
5093,11429,2025-12-08 00:00:00,Technical Issue,Medium,2.4,11.9
5094,11430,2025-11-15 00:00:00,Technical Issue,Low,4.5,19.4
5095,11434,2024-10-30 00:00:00,Billing Query,Low,8.3,37.4
5096,11435,2023-12-22 00:00:00,Billing Query,Medium,3.6,11.2
5097,11436,2022-08-03 00:00:00,Feature Request,High,0.1,3.9
5098,11436,2022-08-19 00:00:00,Billing Query,High,0.7,7.7
5099,11437,2024-08-20 00:00:00,Billing Query,Low,11.5,35.8
5100,11439,2024-02-08 00:00:00,Billing Query,Low,4.7,14.6
5101,11442,2025-07-25 00:00:00,Technical Issue,Medium,2.7,8.1
5102,11442,2025-09-08 00:00:00,Technical Issue,Low,7.8,39.0
5103,11445,2025-09-25 00:00:00,Billing Query,Low,4.3,37.3
5104,11445,2025-11-24 00:00:00,Billing Query,Low,7.1,35.3
5105,11445,2025-12-09 00:00:00,Onboarding Help,Low,7.5,43.6
5106,11446,2025-07-04 00:00:00,Technical Issue,Medium,3.2,9.5
5107,11446,2025-06-19 00:00:00,Technical Issue,Low,11.8,32.8
5108,11447,2025-06-22 00:00:00,Onboarding Help,Low,11.1,26.2
5109,11447,2024-11-23 00:00:00,Feature Request,Low,11.7,13.3
5110,11448,2024-11-05 00:00:00,Billing Query,Medium,3.0,21.7
5111,11449,2025-05-23 00:00:00,Technical Issue,Medium,2.4,23.7
5112,11450,2025-01-16 00:00:00,Technical Issue,Medium,3.7,9.2
5113,11450,2025-01-23 00:00:00,Technical Issue,Low,5.0,34.0
5114,11450,2025-01-06 00:00:00,Feature Request,Low,7.8,15.7
5115,11452,2024-01-09 00:00:00,Onboarding Help,Low,11.8,33.2
5116,11452,2022-11-23 00:00:00,Billing Query,Low,7.9,45.4
5117,11453,2025-11-28 00:00:00,Technical Issue,Medium,2.1,11.6
5118,11454,2024-09-15 00:00:00,Technical Issue,Medium,1.2,8.2
5119,11455,2024-09-11 00:00:00,Technical Issue,Medium,2.8,19.9
5120,11455,2025-09-06 00:00:00,Technical Issue,Medium,3.5,10.2
5121,11457,2025-05-13 00:00:00,Onboarding Help,Low,6.8,31.4
5122,11457,2025-04-19 00:00:00,Onboarding Help,Low,10.1,39.9
5123,11457,2025-06-02 00:00:00,Billing Query,Low,7.6,36.2
5124,11459,2024-05-25 00:00:00,Feature Request,Low,6.8,29.6
5125,11460,2025-05-16 00:00:00,Technical Issue,Low,8.4,43.2
5126,11461,2024-06-28 00:00:00,Feature Request,Medium,2.2,22.0
5127,11462,2024-06-26 00:00:00,Feature Request,Low,5.4,41.8
5128,11463,2024-07-17 00:00:00,Technical Issue,High,1.2,3.8
5129,11465,2024-10-23 00:00:00,Billing Query,High,0.9,1.8
5130,11465,2024-11-22 00:00:00,Technical Issue,Low,4.3,33.6
5131,11465,2024-12-02 00:00:00,Technical Issue,Low,10.1,43.3
5132,11466,2023-01-29 00:00:00,Technical Issue,Low,6.6,41.7
5133,11467,2023-06-10 00:00:00,Billing Query,High,1.2,5.3
5134,11470,2023-12-25 00:00:00,Technical Issue,Low,11.0,17.7
5135,11471,2025-03-14 00:00:00,Technical Issue,Medium,1.4,16.8
5136,11471,2025-01-08 00:00:00,Technical Issue,Low,4.5,29.0
5137,11474,2025-05-12 00:00:00,Feature Request,Low,4.4,20.1
5138,11476,2025-04-07 00:00:00,Feature Request,Low,7.1,16.2
5139,11476,2025-03-26 00:00:00,Technical Issue,Low,8.9,43.6
5140,11480,2023-12-03 00:00:00,Billing Query,Medium,1.0,16.0
5141,11481,2024-03-17 00:00:00,Technical Issue,Medium,3.9,17.8
5142,11481,2024-03-30 00:00:00,Billing Query,Medium,3.3,9.5
5143,11486,2024-10-13 00:00:00,Onboarding Help,Medium,3.1,13.1
5144,11486,2025-03-06 00:00:00,Technical Issue,Medium,2.2,11.9
5145,11486,2024-08-19 00:00:00,Technical Issue,Low,5.9,37.9
5146,11490,2025-09-29 00:00:00,Feature Request,High,1.4,1.5
5147,11490,2023-04-22 00:00:00,Technical Issue,Low,8.3,35.7
5148,11492,2025-04-22 00:00:00,Billing Query,Medium,1.4,13.9
5149,11492,2024-08-10 00:00:00,Technical Issue,High,0.2,7.3
5150,11494,2024-10-04 00:00:00,Billing Query,Low,8.6,46.6
5151,11498,2024-10-28 00:00:00,Billing Query,Medium,3.1,21.4
5152,11498,2024-10-17 00:00:00,Technical Issue,Medium,3.2,19.1
